Transaction ID,Transaction Date Time,Transaction Amount,Payment Method,Account Number,Account Name
TXN0001,2024-09-18 09:04:37,220.49,Net Banking,ACC1412467684,Account-830
TXN0002,2024-09-23 16:13:37,4816.33,UPI,ACC8675059051,Account-926
TXN0003,2024-10-01 01:34:37,2422.37,UPI,ACC3525539512,Account-876
TXN0004,2024-09-25 02:47:37,3061.94,UPI,ACC6646852898,Account-388
TXN0005,2024-09-05 15:49:37,214.45,Debit Card,ACC1616342330,Account-559
TXN0006,2024-09-11 13:12:37,3936.85,UPI,ACC9868653131,Account-769
TXN0007,2024-10-01 11:33:37,3671.03,Bank Transfer,ACC3978622277,Account-795
TXN0008,2024-09-08 18:22:37,2550.57,UPI,ACC6680798270,Account-979
TXN0009,2024-09-21 23:52:37,3346.5,UPI,ACC9729521979,Account-777
TXN0010,2024-09-21 05:48:37,4886.19,Bank Transfer,ACC6843313130,Account-227
TXN0011,2024-09-14 04:21:37,1948.29,Bank Transfer,ACC8353071970,Account-272
TXN0012,2024-09-13 09:18:37,3628.81,Debit Card,ACC1433688979,Account-488
TXN0013,2024-09-13 04:47:37,1564.56,Net Banking,ACC1853945042,Account-288
TXN0014,2024-09-28 07:20:37,4642.13,Debit Card,ACC4415283712,Account-312
TXN0015,2024-09-18 22:00:37,2020.45,Bank Transfer,ACC5965971243,Account-190
TXN0016,2024-09-18 11:14:37,1094.09,UPI,ACC9352361891,Account-690
TXN0017,2024-09-10 17:06:37,2607.98,Debit Card,ACC2934868356,Account-888
TXN0018,2024-09-26 04:06:37,2081.91,Net Banking,ACC1558847865,Account-259
TXN0019,2024-09-29 03:02:37,3609.15,Net Banking,ACC4915583604,Account-856
TXN0020,2024-09-18 20:59:37,566.51,Bank Transfer,ACC7659804782,Account-198
TXN0021,2024-09-10 19:04:37,1545.18,UPI,ACC2802212641,Account-936
TXN0022,2024-09-05 13:41:37,1155.87,Credit Card,ACC3130760249,Account-930
TXN0023,2024-09-13 14:24:37,4646.49,Credit Card,ACC6246843559,Account-390
TXN0024,2024-09-13 07:27:37,2163.76,Credit Card,ACC9002026327,Account-126
TXN0025,2024-09-11 13:04:37,4885.17,Net Banking,ACC8761119136,Account-869
TXN0026,2024-09-03 23:29:37,3912.73,Net Banking,ACC1465920778,Account-196
TXN0027,2024-09-14 00:51:37,1045.39,Credit Card,ACC9031307811,Account-428
TXN0028,2024-09-11 14:18:37,462.26,UPI,ACC1634960412,Account-581
TXN0029,2024-09-19 01:15:37,2518.99,Bank Transfer,ACC9854756778,Account-200
TXN0030,2024-09-14 14:50:37,2958.79,Bank Transfer,ACC8599503676,Account-265
TXN0031,2024-09-06 23:05:37,2968.05,Debit Card,ACC7208656774,Account-563
TXN0032,2024-09-15 03:29:37,4850.77,Debit Card,ACC5124781904,Account-937
TXN0033,2024-09-22 19:29:37,927.49,UPI,ACC9476218974,Account-588
TXN0034,2024-10-02 04:13:37,3915.54,Bank Transfer,ACC4293564958,Account-950
TXN0035,2024-09-29 15:10:37,2434.01,Net Banking,ACC2450184053,Account-973
TXN0036,2024-09-03 10:31:37,2123.46,Bank Transfer,ACC7834972072,Account-875
TXN0037,2024-09-04 01:22:37,866.01,Bank Transfer,ACC4580366314,Account-754
TXN0038,2024-09-27 23:44:37,1510.36,Debit Card,ACC7200568994,Account-840
TXN0039,2024-09-13 01:14:37,1767.39,Debit Card,ACC7033565449,Account-125
TXN0040,2024-09-14 06:54:37,4167.92,UPI,ACC8002691870,Account-705
TXN0041,2024-09-22 02:57:37,3097.8,Bank Transfer,ACC2713418287,Account-331
TXN0042,2024-09-28 04:39:37,1291.05,Net Banking,ACC8296394485,Account-211
TXN0043,2024-09-25 15:38:37,1730.66,Credit Card,ACC2357071031,Account-116
TXN0044,2024-09-07 02:42:37,1592.18,Debit Card,ACC1114297569,Account-426
TXN0045,2024-09-24 06:47:37,1025.33,Credit Card,ACC5382877562,Account-638
TXN0046,2024-10-01 18:08:37,2464.21,Credit Card,ACC1061107629,Account-887
TXN0047,2024-09-08 20:48:37,1691.26,Bank Transfer,ACC6323858688,Account-850
TXN0048,2024-09-20 23:22:37,3860.17,Credit Card,ACC6167902028,Account-801
TXN0049,2024-09-22 04:15:37,1976.48,Net Banking,ACC8696241118,Account-924
TXN0050,2024-09-19 14:28:37,2193.42,Debit Card,ACC4517811248,Account-673
TXN0051,2024-09-05 03:37:37,333.63,Net Banking,ACC9650958811,Account-127
TXN0052,2024-09-05 15:57:37,2106.13,Net Banking,ACC7953595755,Account-925
TXN0053,2024-09-06 18:45:37,2850.17,Credit Card,ACC1474057267,Account-653
TXN0054,2024-09-16 11:38:37,3122.61,Debit Card,ACC3208016672,Account-320
TXN0055,2024-09-29 01:50:37,607.14,UPI,ACC9532948833,Account-215
TXN0056,2024-09-07 20:34:37,3272.77,Net Banking,ACC4508784778,Account-569
TXN0057,2024-09-03 16:08:37,3350.69,UPI,ACC3915474094,Account-521
TXN0058,2024-09-26 16:17:37,2909.81,Net Banking,ACC6796348626,Account-956
TXN0059,2024-09-11 18:07:37,2350.81,UPI,ACC3969066989,Account-437
TXN0060,2024-09-21 23:31:37,4224.55,Net Banking,ACC3061880055,Account-637
TXN0061,2024-09-09 05:07:37,2702.73,Credit Card,ACC3002567137,Account-771
TXN0062,2024-09-27 10:30:37,2850.8,Net Banking,ACC4755615743,Account-352
TXN0063,2024-09-19 17:27:37,311.74,Bank Transfer,ACC5506929185,Account-157
TXN0064,2024-09-16 08:18:37,642.22,Bank Transfer,ACC8521123192,Account-567
TXN0065,2024-09-08 02:10:37,1142.13,UPI,ACC7354629259,Account-597
TXN0066,2024-09-06 19:05:37,4658.76,Credit Card,ACC5805573562,Account-419
TXN0067,2024-09-11 05:49:37,173.04,Net Banking,ACC7718875285,Account-263
TXN0068,2024-09-21 08:25:37,4619.51,Debit Card,ACC7745872234,Account-156
TXN0069,2024-10-03 07:15:37,1449.62,UPI,ACC6172343829,Account-869
TXN0070,2024-09-12 20:48:37,3501.89,Credit Card,ACC8109601620,Account-662
TXN0071,2024-09-07 21:19:37,221.17,Net Banking,ACC8374171985,Account-836
TXN0072,2024-09-20 22:17:37,661.46,UPI,ACC1627524801,Account-916
TXN0073,2024-09-24 11:31:37,1853.54,Debit Card,ACC9146504950,Account-796
TXN0074,2024-10-02 01:42:37,2225.36,Bank Transfer,ACC3369606407,Account-627
TXN0075,2024-09-27 12:02:37,4674.2,Debit Card,ACC4356588007,Account-175
TXN0076,2024-09-22 04:21:37,3338.66,Net Banking,ACC8891878754,Account-686
TXN0077,2024-09-09 10:52:37,2376.26,UPI,ACC7617464381,Account-478
TXN0078,2024-09-07 11:32:37,2170.06,Credit Card,ACC7841925161,Account-442
TXN0079,2024-09-11 16:20:37,1683.44,Bank Transfer,ACC9500579319,Account-441
TXN0080,2024-09-20 11:50:37,71.55,Credit Card,ACC2493257692,Account-792
TXN0081,2024-09-16 04:33:37,3094.22,UPI,ACC6206910229,Account-340
TXN0082,2024-09-17 11:09:37,4823.98,UPI,ACC9803761584,Account-577
TXN0083,2024-09-29 09:13:37,1890.39,Bank Transfer,ACC5782784445,Account-677
TXN0084,2024-09-13 23:38:37,2550.58,UPI,ACC5183036938,Account-381
TXN0085,2024-09-15 18:29:37,1982.12,Net Banking,ACC5701158706,Account-345
TXN0086,2024-09-20 20:26:37,3157.61,Net Banking,ACC6037387203,Account-992
TXN0087,2024-09-14 18:24:37,1406.3,UPI,ACC2492750712,Account-758
TXN0088,2024-09-07 07:00:37,3885.0,Credit Card,ACC8749789409,Account-358
TXN0089,2024-10-02 14:10:37,3711.03,Debit Card,ACC7764303508,Account-812
TXN0090,2024-09-10 05:34:37,1780.36,Bank Transfer,ACC2556742404,Account-488
TXN0091,2024-09-03 10:20:37,391.44,Debit Card,ACC2265758175,Account-585
TXN0092,2024-09-10 19:23:37,3635.34,UPI,ACC5694535557,Account-446
TXN0093,2024-09-04 06:54:37,4004.96,Debit Card,ACC2561680538,Account-243
TXN0094,2024-09-14 02:37:37,4102.56,Credit Card,ACC7356447577,Account-247
TXN0095,2024-09-09 08:56:37,2356.57,UPI,ACC4132947599,Account-555
TXN0096,2024-10-01 17:40:37,1125.07,Net Banking,ACC3749216229,Account-845
TXN0097,2024-09-08 17:09:37,4391.32,Bank Transfer,ACC7884033077,Account-902
TXN0098,2024-09-05 13:41:37,135.14,Credit Card,ACC2217203274,Account-456
TXN0099,2024-09-20 03:40:37,182.12,UPI,ACC3367900648,Account-744
TXN0100,2024-09-12 11:42:37,714.33,Bank Transfer,ACC2530112420,Account-866
TXN0101,2024-09-21 21:15:37,4518.3,Debit Card,ACC8847701153,Account-328
TXN0102,2024-09-30 01:24:37,3835.25,Bank Transfer,ACC4596646990,Account-187
TXN0103,2024-09-28 01:42:37,2622.35,Debit Card,ACC2169031727,Account-264
TXN0104,2024-09-08 09:43:37,3650.74,Credit Card,ACC1933316537,Account-931
TXN0105,2024-10-03 05:26:37,1666.87,Net Banking,ACC4231774369,Account-741
TXN0106,2024-09-10 04:51:37,4376.18,Debit Card,ACC2248651329,Account-657
TXN0107,2024-09-05 23:03:37,1987.7,UPI,ACC4884488365,Account-455
TXN0108,2024-09-09 14:31:37,1366.51,UPI,ACC1421985765,Account-607
TXN0109,2024-09-20 06:36:37,4729.06,Net Banking,ACC4407844711,Account-743
TXN0110,2024-09-09 14:05:37,3788.58,UPI,ACC9817021846,Account-345
TXN0111,2024-09-11 09:23:37,1705.58,Net Banking,ACC9952481455,Account-924
TXN0112,2024-09-05 05:28:37,2842.09,Debit Card,ACC3537974677,Account-848
TXN0113,2024-09-16 06:51:37,3061.16,Debit Card,ACC3817114086,Account-328
TXN0114,2024-09-21 21:28:37,2376.18,Net Banking,ACC4397977030,Account-544
TXN0115,2024-09-04 01:42:37,3823.0,Bank Transfer,ACC1168960017,Account-752
TXN0116,2024-09-23 03:40:37,3019.91,Bank Transfer,ACC9851798613,Account-797
TXN0117,2024-09-15 00:24:37,2012.52,Bank Transfer,ACC8839996628,Account-784
TXN0118,2024-09-13 12:32:37,2984.6,Debit Card,ACC3969488049,Account-538
TXN0119,2024-09-22 13:55:37,1936.16,Credit Card,ACC2493687312,Account-405
TXN0120,2024-09-23 09:26:37,4393.74,UPI,ACC3636490427,Account-769
TXN0121,2024-09-08 05:10:37,3194.6,Debit Card,ACC6913596801,Account-298
TXN0122,2024-09-29 05:22:37,1930.69,Bank Transfer,ACC4866844581,Account-142
TXN0123,2024-09-18 04:23:37,1086.44,Debit Card,ACC4740849969,Account-825
TXN0124,2024-09-03 16:19:37,1418.54,UPI,ACC5183681491,Account-976
TXN0125,2024-09-09 15:07:37,2582.67,Debit Card,ACC8771956608,Account-818
TXN0126,2024-09-04 14:16:37,1352.43,Debit Card,ACC2321291340,Account-566
TXN0127,2024-09-22 20:48:37,4863.24,Debit Card,ACC9692010206,Account-260
TXN0128,2024-09-13 22:26:37,4650.5,Bank Transfer,ACC8783801398,Account-684
TXN0129,2024-09-19 02:09:37,3172.39,Debit Card,ACC3091385756,Account-825
TXN0130,2024-09-26 17:28:37,3134.56,Debit Card,ACC2414620729,Account-251
TXN0131,2024-09-03 05:13:37,3515.19,Net Banking,ACC8407828793,Account-714
TXN0132,2024-09-21 22:24:37,3200.45,Credit Card,ACC8603712239,Account-726
TXN0133,2024-09-15 21:55:37,3449.55,Credit Card,ACC4230794385,Account-394
TXN0134,2024-10-01 20:24:37,2122.45,UPI,ACC4195350999,Account-718
TXN0135,2024-09-24 05:27:37,1783.05,Credit Card,ACC7209682221,Account-894
TXN0136,2024-09-18 03:12:37,2599.52,Credit Card,ACC5935975392,Account-360
TXN0137,2024-09-26 13:05:37,373.23,Credit Card,ACC9164929627,Account-525
TXN0138,2024-09-11 05:14:37,2900.59,Debit Card,ACC9808254338,Account-187
TXN0139,2024-09-12 01:24:37,2027.82,UPI,ACC2644436100,Account-885
TXN0140,2024-09-09 06:00:37,2415.17,Debit Card,ACC2449867044,Account-538
TXN0141,2024-10-01 13:52:37,1612.81,Credit Card,ACC3408810713,Account-531
TXN0142,2024-10-01 04:39:37,200.16,UPI,ACC6648724280,Account-367
TXN0143,2024-10-01 00:06:37,2256.21,Net Banking,ACC7912109529,Account-500
TXN0144,2024-09-11 20:45:37,4944.38,UPI,ACC7315624996,Account-937
TXN0145,2024-09-22 21:04:37,2853.93,Debit Card,ACC9528548507,Account-968
TXN0146,2024-09-15 19:51:37,1910.93,UPI,ACC1238134466,Account-956
TXN0147,2024-09-10 21:33:37,4113.86,UPI,ACC5229608388,Account-889
TXN0148,2024-09-30 14:08:37,270.15,Debit Card,ACC6745807169,Account-667
TXN0149,2024-09-03 03:50:37,2464.18,Bank Transfer,ACC3649819454,Account-913
TXN0150,2024-09-09 08:48:37,777.58,Bank Transfer,ACC9289627529,Account-168
TXN0151,2024-09-09 15:49:37,1782.03,Bank Transfer,ACC5633110695,Account-509
TXN0152,2024-09-25 03:17:37,625.02,Debit Card,ACC4156905662,Account-490
TXN0153,2024-09-13 14:10:37,1428.34,UPI,ACC1376225211,Account-555
TXN0154,2024-10-02 23:21:37,3100.01,Debit Card,ACC1000484091,Account-311
TXN0155,2024-09-02 13:01:37,2325.69,Bank Transfer,ACC1623602626,Account-721
TXN0156,2024-09-28 11:25:37,4437.72,Bank Transfer,ACC7161184881,Account-901
TXN0157,2024-09-22 05:40:37,1231.55,Net Banking,ACC9105541412,Account-363
TXN0158,2024-09-29 03:38:37,2437.33,Credit Card,ACC3445084406,Account-819
TXN0159,2024-09-07 21:25:37,4952.68,Debit Card,ACC4586192334,Account-476
TXN0160,2024-09-29 21:02:37,1550.87,Credit Card,ACC1018731434,Account-600
TXN0161,2024-10-02 14:29:37,3129.48,Net Banking,ACC2568070491,Account-320
TXN0162,2024-09-28 13:28:37,2419.28,Net Banking,ACC8736898868,Account-381
TXN0163,2024-09-06 12:28:37,2714.49,Bank Transfer,ACC9351544273,Account-374
TXN0164,2024-09-20 22:19:37,1613.85,Net Banking,ACC7440945527,Account-911
TXN0165,2024-09-29 00:40:37,4529.05,Credit Card,ACC2617653851,Account-907
TXN0166,2024-09-22 11:26:37,3315.43,Net Banking,ACC4930372666,Account-772
TXN0167,2024-09-25 21:57:37,2712.55,Net Banking,ACC7648728080,Account-924
TXN0168,2024-09-16 18:55:37,2573.15,Net Banking,ACC6678801960,Account-360
TXN0169,2024-09-19 13:00:37,526.75,UPI,ACC8426281135,Account-154
TXN0170,2024-09-07 03:43:37,4253.73,Credit Card,ACC5927405401,Account-168
TXN0171,2024-09-07 17:18:37,1467.24,UPI,ACC8592185069,Account-120
TXN0172,2024-10-01 03:20:37,616.8,Debit Card,ACC7945272359,Account-972
TXN0173,2024-10-02 14:44:37,832.54,Debit Card,ACC7917166511,Account-265
TXN0174,2024-09-21 08:14:37,914.56,Net Banking,ACC9564070430,Account-232
TXN0175,2024-09-25 20:39:37,1658.27,Debit Card,ACC8362375357,Account-986
TXN0176,2024-10-02 20:17:37,2208.36,UPI,ACC1541894145,Account-686
TXN0177,2024-10-02 00:06:37,1775.58,Credit Card,ACC2613702677,Account-537
TXN0178,2024-09-28 14:26:37,1627.95,Debit Card,ACC5053027562,Account-295
TXN0179,2024-09-28 03:13:37,1260.5,Debit Card,ACC6119837648,Account-740
TXN0180,2024-09-17 03:18:37,303.51,Credit Card,ACC9987966179,Account-670
TXN0181,2024-09-14 22:28:37,462.43,Debit Card,ACC3368495587,Account-818
TXN0182,2024-09-27 09:08:37,4706.65,UPI,ACC2406218120,Account-480
TXN0183,2024-09-22 05:30:37,3646.95,Net Banking,ACC7204219803,Account-520
TXN0184,2024-09-29 00:28:37,605.82,Net Banking,ACC1371500276,Account-105
TXN0185,2024-09-12 11:19:37,3528.12,Debit Card,ACC1015861721,Account-735
TXN0186,2024-09-03 06:33:37,241.31,Bank Transfer,ACC8429288587,Account-604
TXN0187,2024-09-22 20:18:37,3287.7,Credit Card,ACC4130410958,Account-909
TXN0188,2024-09-04 11:31:37,1345.25,UPI,ACC1701442670,Account-120
TXN0189,2024-09-14 23:37:37,4643.18,Debit Card,ACC9635249777,Account-179
TXN0190,2024-09-17 02:10:37,2939.99,Credit Card,ACC9054930396,Account-309
TXN0191,2024-09-02 18:06:37,202.17,Credit Card,ACC6255176369,Account-427
TXN0192,2024-09-27 18:25:37,1106.44,Debit Card,ACC9602264106,Account-833
TXN0193,2024-09-06 11:35:37,446.3,Debit Card,ACC5504990234,Account-368
TXN0194,2024-10-01 09:20:37,3171.58,Credit Card,ACC2740416617,Account-968
TXN0195,2024-09-10 07:45:37,1560.31,Credit Card,ACC6769725758,Account-722
TXN0196,2024-09-24 03:33:37,1921.97,Net Banking,ACC5810461351,Account-476
TXN0197,2024-09-02 09:49:37,4004.13,Net Banking,ACC5011026425,Account-637
TXN0198,2024-09-13 11:51:37,2840.3,UPI,ACC2154579444,Account-396
TXN0199,2024-09-30 13:34:37,3332.94,Net Banking,ACC6635266500,Account-140
TXN0200,2024-09-24 04:25:37,1386.62,Credit Card,ACC2851353011,Account-834
TXN0201,2024-09-05 09:59:37,1572.75,Credit Card,ACC7392117027,Account-892
TXN0202,2024-09-16 23:03:37,2965.18,Credit Card,ACC5506610104,Account-410
TXN0203,2024-09-20 22:59:37,1106.75,Credit Card,ACC3162336671,Account-517
TXN0204,2024-09-18 20:18:37,4796.63,Net Banking,ACC9424406446,Account-583
TXN0205,2024-09-20 09:57:37,3578.99,Debit Card,ACC8527219142,Account-362
TXN0206,2024-09-11 21:05:37,3278.16,Credit Card,ACC9751207309,Account-671
TXN0207,2024-09-21 21:21:37,4356.44,Debit Card,ACC5976164746,Account-951
TXN0208,2024-09-18 14:42:37,1674.13,Bank Transfer,ACC8028822177,Account-664
TXN0209,2024-09-29 06:40:37,4575.98,Debit Card,ACC8425080510,Account-669
TXN0210,2024-09-30 17:08:37,1424.59,Debit Card,ACC8315664429,Account-147
TXN0211,2024-09-28 08:31:37,2173.39,Net Banking,ACC3576547143,Account-129
TXN0212,2024-09-30 10:38:37,4278.31,UPI,ACC7980263011,Account-679
TXN0213,2024-09-13 21:58:37,504.21,UPI,ACC5119256140,Account-699
TXN0214,2024-09-02 17:40:37,1079.16,UPI,ACC3995663775,Account-740
TXN0215,2024-09-04 22:31:37,2879.64,Credit Card,ACC1004266735,Account-877
TXN0216,2024-09-03 16:26:37,4794.22,Debit Card,ACC9635038716,Account-118
TXN0217,2024-09-08 04:09:37,3530.8,UPI,ACC2916048850,Account-866
TXN0218,2024-09-07 19:33:37,3457.7,UPI,ACC4889311936,Account-731
TXN0219,2024-09-14 08:56:37,998.45,Net Banking,ACC7353747535,Account-884
TXN0220,2024-09-14 22:19:37,2700.04,Net Banking,ACC7429837811,Account-428
TXN0221,2024-09-08 00:43:37,547.35,Credit Card,ACC4244496422,Account-327
TXN0222,2024-09-23 01:57:37,896.53,Bank Transfer,ACC8986886176,Account-748
TXN0223,2024-09-18 16:56:37,3281.0,Bank Transfer,ACC5815267256,Account-580
TXN0224,2024-09-25 21:43:37,3801.01,Net Banking,ACC3024534284,Account-741
TXN0225,2024-09-16 21:13:37,90.05,Credit Card,ACC3602394129,Account-273
TXN0226,2024-09-16 22:12:37,539.28,Debit Card,ACC9292549340,Account-430
TXN0227,2024-09-07 18:36:37,3947.83,Credit Card,ACC6475263314,Account-766
TXN0228,2024-09-30 19:00:37,750.47,Bank Transfer,ACC6840548704,Account-687
TXN0229,2024-09-16 20:58:37,1844.61,UPI,ACC8949295235,Account-630
TXN0230,2024-09-30 19:43:37,3513.84,UPI,ACC1605295184,Account-647
TXN0231,2024-09-19 06:35:37,2539.52,Net Banking,ACC5696149086,Account-287
TXN0232,2024-09-20 13:41:37,1468.37,Debit Card,ACC4056501494,Account-194
TXN0233,2024-09-24 11:19:37,830.13,Debit Card,ACC2425443417,Account-112
TXN0234,2024-09-04 03:18:37,1781.77,Bank Transfer,ACC7081212803,Account-598
TXN0235,2024-09-19 11:32:37,1588.2,Debit Card,ACC3128629457,Account-703
TXN0236,2024-09-19 14:46:37,1122.6,UPI,ACC2535057311,Account-733
TXN0237,2024-09-27 16:27:37,2365.78,UPI,ACC2018729999,Account-633
TXN0238,2024-09-12 03:22:37,4466.49,UPI,ACC9166093340,Account-874
TXN0239,2024-09-02 15:28:37,760.3,Debit Card,ACC3578970930,Account-750
TXN0240,2024-09-25 20:57:37,3310.33,UPI,ACC1259214640,Account-955
TXN0241,2024-09-07 21:05:37,4011.35,Credit Card,ACC1536147647,Account-869
TXN0242,2024-09-22 14:48:37,2466.53,UPI,ACC7934074584,Account-999
TXN0243,2024-09-06 17:43:37,4236.49,UPI,ACC3722246352,Account-488
TXN0244,2024-09-11 21:08:37,2412.41,Net Banking,ACC3926939317,Account-693
TXN0245,2024-09-26 22:50:37,4854.96,Debit Card,ACC8319071804,Account-841
TXN0246,2024-09-05 08:15:37,4486.85,UPI,ACC5598321249,Account-996
TXN0247,2024-09-14 19:37:37,3462.28,UPI,ACC1584984026,Account-600
TXN0248,2024-09-14 14:55:37,1424.79,Debit Card,ACC7103209408,Account-952
TXN0249,2024-09-20 16:09:37,3599.34,Debit Card,ACC1714452243,Account-811
TXN0250,2024-09-15 15:34:37,67.46,Credit Card,ACC9440395718,Account-241
TXN0251,2024-09-06 03:30:37,4517.9,UPI,ACC6918198966,Account-387
TXN0252,2024-09-20 15:53:37,3983.45,Credit Card,ACC9592974823,Account-936
TXN0253,2024-10-01 17:00:37,2457.26,Credit Card,ACC3385716144,Account-124
TXN0254,2024-09-12 23:36:37,1665.01,UPI,ACC9821922641,Account-429
TXN0255,2024-09-13 02:28:37,2574.73,Credit Card,ACC2049745940,Account-807
TXN0256,2024-09-10 21:33:37,4499.92,Debit Card,ACC4667618207,Account-268
TXN0257,2024-09-25 07:09:37,2631.68,Credit Card,ACC6617087140,Account-441
TXN0258,2024-09-28 09:31:37,4413.44,Net Banking,ACC8310753170,Account-698
TXN0259,2024-09-20 13:48:37,3874.16,Bank Transfer,ACC1718833401,Account-315
TXN0260,2024-09-04 20:59:37,2245.48,Debit Card,ACC5058146580,Account-433
TXN0261,2024-09-17 15:43:37,1384.55,Net Banking,ACC6008435248,Account-765
TXN0262,2024-09-05 07:07:37,3504.97,UPI,ACC8186872068,Account-552
TXN0263,2024-09-09 02:22:37,1512.06,Debit Card,ACC6480984673,Account-180
TXN0264,2024-09-18 12:49:37,2317.6,Bank Transfer,ACC9483110461,Account-148
TXN0265,2024-09-03 08:01:37,1937.04,UPI,ACC9737828130,Account-972
TXN0266,2024-09-12 14:41:37,108.47,Debit Card,ACC4041315119,Account-443
TXN0267,2024-09-16 10:22:37,3125.96,Debit Card,ACC7808173899,Account-313
TXN0268,2024-09-04 16:21:37,4721.16,UPI,ACC7374491727,Account-686
TXN0269,2024-09-07 16:10:37,4625.78,Net Banking,ACC3721858299,Account-682
TXN0270,2024-09-12 13:35:37,1239.24,Debit Card,ACC6759109647,Account-232
TXN0271,2024-09-16 14:12:37,3161.74,Credit Card,ACC3888829266,Account-664
TXN0272,2024-10-01 17:57:37,2741.82,UPI,ACC1242396537,Account-428
TXN0273,2024-09-04 15:34:37,3663.2,Bank Transfer,ACC9830192230,Account-882
TXN0274,2024-09-19 13:56:37,2243.61,Net Banking,ACC2379160163,Account-894
TXN0275,2024-09-25 11:59:37,3408.14,Bank Transfer,ACC1237748978,Account-413
TXN0276,2024-09-08 08:52:37,1312.8,Net Banking,ACC9877542677,Account-841
TXN0277,2024-09-16 04:01:37,568.15,UPI,ACC4970156667,Account-546
TXN0278,2024-09-29 02:16:37,4812.93,UPI,ACC8072638441,Account-407
TXN0279,2024-09-07 21:48:37,3269.31,Credit Card,ACC9431763026,Account-270
TXN0280,2024-09-20 19:15:37,610.04,Credit Card,ACC2954144421,Account-276
TXN0281,2024-09-14 23:53:37,3271.24,Credit Card,ACC3812740049,Account-821
TXN0282,2024-09-06 05:44:37,2451.52,Debit Card,ACC9533281474,Account-402
TXN0283,2024-09-22 23:49:37,3718.72,UPI,ACC4091958929,Account-750
TXN0284,2024-09-29 02:34:37,2150.39,Bank Transfer,ACC5027207402,Account-311
TXN0285,2024-09-06 07:37:37,3402.06,Bank Transfer,ACC6998986151,Account-520
TXN0286,2024-09-30 09:21:37,3259.88,Credit Card,ACC8188204335,Account-671
TXN0287,2024-10-01 15:01:37,1089.77,Credit Card,ACC3518594485,Account-733
TXN0288,2024-09-29 03:27:37,1913.52,UPI,ACC8207437389,Account-627
TXN0289,2024-09-14 21:08:37,1204.92,UPI,ACC7466892739,Account-245
TXN0290,2024-09-28 22:47:37,2093.47,UPI,ACC9383970393,Account-914
TXN0291,2024-09-26 18:23:37,697.42,Debit Card,ACC4116714127,Account-900
TXN0292,2024-09-09 18:36:37,2561.16,Bank Transfer,ACC4313043483,Account-972
TXN0293,2024-10-01 19:05:37,1934.56,UPI,ACC5025018241,Account-369
TXN0294,2024-09-19 23:00:37,1436.99,Net Banking,ACC9729770602,Account-657
TXN0295,2024-09-05 08:46:37,3274.71,Debit Card,ACC6977508259,Account-599
TXN0296,2024-09-29 05:00:37,884.17,Debit Card,ACC6775774395,Account-401
TXN0297,2024-09-26 02:50:37,3596.36,UPI,ACC3442746026,Account-875
TXN0298,2024-09-12 14:05:37,2723.95,Bank Transfer,ACC7284407161,Account-870
TXN0299,2024-09-25 08:26:37,233.84,UPI,ACC5844848147,Account-826
TXN0300,2024-09-21 22:00:37,2318.59,UPI,ACC9710465517,Account-730
TXN0301,2024-09-28 01:56:37,1857.48,Net Banking,ACC7335599385,Account-558
TXN0302,2024-09-18 15:44:37,3631.85,Bank Transfer,ACC8283888419,Account-971
TXN0303,2024-09-13 05:39:37,3889.72,Credit Card,ACC7563047740,Account-899
TXN0304,2024-09-18 22:41:37,2728.73,UPI,ACC5886115226,Account-118
TXN0305,2024-09-13 07:33:37,1653.72,UPI,ACC1120343863,Account-408
TXN0306,2024-09-24 23:54:37,2265.56,Bank Transfer,ACC8594462644,Account-842
TXN0307,2024-09-21 11:35:37,3000.84,UPI,ACC9927086113,Account-837
TXN0308,2024-09-25 05:23:37,1679.63,Debit Card,ACC1492838797,Account-874
TXN0309,2024-09-05 05:25:37,1671.18,Debit Card,ACC9404444887,Account-694
TXN0310,2024-09-14 20:29:37,1888.22,Net Banking,ACC6329149685,Account-481
TXN0311,2024-10-02 07:02:37,1436.02,Credit Card,ACC8955992104,Account-628
TXN0312,2024-09-11 19:50:37,3257.28,Net Banking,ACC5612283910,Account-685
TXN0313,2024-09-14 05:51:37,290.92,Net Banking,ACC3010240923,Account-253
TXN0314,2024-09-23 22:54:37,4288.42,Net Banking,ACC8145430932,Account-957
TXN0315,2024-09-22 06:20:37,2318.52,Credit Card,ACC6594163540,Account-266
TXN0316,2024-09-15 00:57:37,3043.07,Debit Card,ACC6044793268,Account-462
TXN0317,2024-09-04 18:46:37,2206.24,Bank Transfer,ACC2634647795,Account-399
TXN0318,2024-09-06 23:28:37,1193.21,Net Banking,ACC6052278054,Account-704
TXN0319,2024-09-04 22:21:37,4859.01,Debit Card,ACC3044453362,Account-757
TXN0320,2024-09-30 13:02:37,446.01,Credit Card,ACC3513736877,Account-190
TXN0321,2024-09-13 08:05:37,278.41,Net Banking,ACC5318195755,Account-113
TXN0322,2024-09-29 04:49:37,3567.2,UPI,ACC6106170459,Account-230
TXN0323,2024-09-21 11:29:37,4445.41,UPI,ACC5916047989,Account-860
TXN0324,2024-09-07 06:03:37,3324.47,Bank Transfer,ACC2670894403,Account-441
TXN0325,2024-09-16 09:15:37,1309.98,Bank Transfer,ACC4203431645,Account-705
TXN0326,2024-09-30 06:37:37,72.44,Debit Card,ACC4010618404,Account-382
TXN0327,2024-10-02 00:45:37,2676.01,Debit Card,ACC2957399131,Account-490
TXN0328,2024-09-22 00:51:37,4688.32,Bank Transfer,ACC3687062915,Account-195
TXN0329,2024-10-01 13:22:37,3206.51,Net Banking,ACC8992146554,Account-508
TXN0330,2024-09-20 07:44:37,3364.36,UPI,ACC1455616299,Account-621
TXN0331,2024-09-10 14:06:37,4841.8,Net Banking,ACC2566120131,Account-571
TXN0332,2024-09-23 00:28:37,1288.25,UPI,ACC8686324033,Account-951
TXN0333,2024-09-13 20:02:37,4028.44,Bank Transfer,ACC6234079918,Account-717
TXN0334,2024-09-26 05:37:37,4823.52,UPI,ACC5649297646,Account-616
TXN0335,2024-09-26 04:53:37,1103.55,Debit Card,ACC5570962436,Account-986
TXN0336,2024-09-10 05:50:37,2281.64,Debit Card,ACC1026656481,Account-162
TXN0337,2024-09-08 17:21:37,4127.23,UPI,ACC8626638648,Account-423
TXN0338,2024-09-24 09:45:37,4349.26,Credit Card,ACC7101149766,Account-889
TXN0339,2024-09-04 18:16:37,1196.85,Credit Card,ACC1490627258,Account-358
TXN0340,2024-09-09 16:50:37,3350.05,Credit Card,ACC8878956640,Account-785
TXN0341,2024-09-26 09:15:37,3811.69,Net Banking,ACC1480778658,Account-917
TXN0342,2024-09-26 04:32:37,161.55,UPI,ACC2431066722,Account-342
TXN0343,2024-09-17 15:14:37,4630.75,UPI,ACC4703415260,Account-998
TXN0344,2024-09-28 13:47:37,1014.94,Net Banking,ACC4451394267,Account-642
TXN0345,2024-09-04 13:47:37,2168.56,UPI,ACC5384029751,Account-348
TXN0346,2024-09-30 09:24:37,3284.1,UPI,ACC1850371358,Account-156
TXN0347,2024-09-25 06:12:37,2727.09,Net Banking,ACC2098260975,Account-135
TXN0348,2024-09-20 04:16:37,3104.4,Credit Card,ACC9904224384,Account-284
TXN0349,2024-09-27 18:22:37,2679.03,Credit Card,ACC3968268864,Account-955
TXN0350,2024-09-13 08:05:37,80.46,Bank Transfer,ACC8292263001,Account-572
TXN0351,2024-09-30 00:38:37,4789.66,Bank Transfer,ACC3413972720,Account-821
TXN0352,2024-09-11 15:54:37,3694.09,UPI,ACC6680937327,Account-682
TXN0353,2024-09-07 11:03:37,4174.66,UPI,ACC7170516181,Account-630
TXN0354,2024-09-28 02:50:37,2968.17,Credit Card,ACC7889947567,Account-405
TXN0355,2024-09-10 16:05:37,3019.67,Debit Card,ACC9341497372,Account-467
TXN0356,2024-09-08 02:25:37,387.38,Net Banking,ACC1052725845,Account-416
TXN0357,2024-09-27 06:49:37,4455.83,Debit Card,ACC7801023454,Account-343
TXN0358,2024-09-11 00:07:37,4056.77,Bank Transfer,ACC1235422370,Account-707
TXN0359,2024-09-21 10:58:37,1032.0,UPI,ACC3114553777,Account-203
TXN0360,2024-09-24 15:01:37,3533.82,UPI,ACC7233477529,Account-206
TXN0361,2024-09-28 10:38:37,1449.41,Net Banking,ACC3528774058,Account-127
TXN0362,2024-10-02 12:37:37,361.99,Credit Card,ACC8138936920,Account-439
TXN0363,2024-09-20 11:08:37,787.99,UPI,ACC1324633875,Account-321
TXN0364,2024-09-10 13:06:37,1019.55,Debit Card,ACC9810533059,Account-668
TXN0365,2024-09-20 09:52:37,3290.0,Net Banking,ACC5727653096,Account-775
TXN0366,2024-09-02 12:06:37,3066.47,UPI,ACC6886988179,Account-652
TXN0367,2024-09-11 11:07:37,1634.71,Debit Card,ACC7363726048,Account-478
TXN0368,2024-10-01 14:19:37,4837.97,Credit Card,ACC1646687836,Account-196
TXN0369,2024-09-06 00:56:37,1774.13,Bank Transfer,ACC2190788440,Account-249
TXN0370,2024-10-01 00:42:37,2789.54,Net Banking,ACC1845411711,Account-856
TXN0371,2024-09-25 05:34:37,2176.74,Net Banking,ACC3146837105,Account-773
TXN0372,2024-09-05 14:21:37,3005.33,UPI,ACC8095940607,Account-211
TXN0373,2024-09-03 08:14:37,1151.15,Credit Card,ACC1920922194,Account-163
TXN0374,2024-09-18 04:09:37,1650.93,Credit Card,ACC1678852190,Account-643
TXN0375,2024-09-29 14:32:37,328.79,UPI,ACC8485061502,Account-164
TXN0376,2024-09-20 23:55:37,2893.34,Credit Card,ACC2570788552,Account-318
TXN0377,2024-09-30 19:03:37,2994.31,Net Banking,ACC2428758983,Account-612
TXN0378,2024-09-29 21:16:37,1284.62,Bank Transfer,ACC6380596739,Account-390
TXN0379,2024-09-06 01:52:37,3158.92,Net Banking,ACC9103040631,Account-289
TXN0380,2024-09-26 11:53:37,340.18,Net Banking,ACC5887913548,Account-890
TXN0381,2024-09-20 23:35:37,1312.63,Credit Card,ACC8237893745,Account-437
TXN0382,2024-09-21 18:35:37,1771.44,Debit Card,ACC8249070570,Account-853
TXN0383,2024-09-14 11:53:37,500.71,Bank Transfer,ACC1041210134,Account-904
TXN0384,2024-09-09 19:25:37,2589.49,UPI,ACC1676643917,Account-737
TXN0385,2024-09-26 09:10:37,1898.3,Net Banking,ACC2720566552,Account-294
TXN0386,2024-09-11 17:46:37,951.43,Bank Transfer,ACC8694158682,Account-128
TXN0387,2024-10-01 07:48:37,2231.55,Debit Card,ACC4012363272,Account-130
TXN0388,2024-09-11 08:46:37,1426.05,Credit Card,ACC9881714965,Account-580
TXN0389,2024-09-24 04:30:37,1224.87,Net Banking,ACC8741102727,Account-392
TXN0390,2024-09-27 00:09:37,3653.46,UPI,ACC8133464956,Account-102
TXN0391,2024-10-02 07:44:37,2403.07,Debit Card,ACC2580952616,Account-765
TXN0392,2024-09-11 06:47:37,1139.67,Debit Card,ACC1387679131,Account-890
TXN0393,2024-09-21 16:25:37,2930.95,Debit Card,ACC7365370444,Account-491
TXN0394,2024-09-16 23:45:37,3655.06,UPI,ACC5899341742,Account-835
TXN0395,2024-09-15 09:42:37,399.86,Bank Transfer,ACC3725058866,Account-874
TXN0396,2024-09-18 08:50:37,4732.8,Debit Card,ACC6564198226,Account-988
TXN0397,2024-09-27 14:33:37,2676.65,Bank Transfer,ACC7566480447,Account-510
TXN0398,2024-09-12 00:13:37,1813.55,Debit Card,ACC8913705668,Account-415
TXN0399,2024-09-26 14:32:37,2330.89,Net Banking,ACC2876398396,Account-898
TXN0400,2024-09-11 00:04:37,2452.86,Net Banking,ACC5595579293,Account-825
TXN0401,2024-09-04 18:45:37,858.65,Net Banking,ACC7195720813,Account-430
TXN0402,2024-09-06 13:41:37,3616.64,UPI,ACC6178166583,Account-917
TXN0403,2024-09-27 05:59:37,1227.66,Debit Card,ACC1987677322,Account-655
TXN0404,2024-09-12 07:10:37,4850.97,UPI,ACC9632838591,Account-996
TXN0405,2024-10-01 19:05:37,1358.66,Net Banking,ACC1399404655,Account-478
TXN0406,2024-09-18 11:00:37,1029.07,Bank Transfer,ACC9544849043,Account-931
TXN0407,2024-09-08 19:35:37,551.58,UPI,ACC8077546165,Account-192
TXN0408,2024-09-07 23:30:37,1255.39,Bank Transfer,ACC8047519754,Account-489
TXN0409,2024-09-11 04:38:37,2910.29,Credit Card,ACC5477773537,Account-130
TXN0410,2024-09-25 06:13:37,1435.38,Credit Card,ACC9434334679,Account-278
TXN0411,2024-09-03 01:52:37,70.82,UPI,ACC8192779803,Account-760
TXN0412,2024-09-04 22:02:37,4101.7,Credit Card,ACC4177592154,Account-595
TXN0413,2024-09-02 13:20:37,4062.23,Net Banking,ACC5817769588,Account-107
TXN0414,2024-09-08 03:31:37,2932.03,Debit Card,ACC7047903349,Account-324
TXN0415,2024-09-23 03:05:37,4470.16,Net Banking,ACC8551734217,Account-272
TXN0416,2024-09-17 20:51:37,3356.9,Debit Card,ACC6296113276,Account-673
TXN0417,2024-09-22 11:06:37,3410.37,Net Banking,ACC1109466139,Account-650
TXN0418,2024-09-23 18:35:37,420.26,UPI,ACC7985569908,Account-477
TXN0419,2024-09-03 16:31:37,4083.31,Bank Transfer,ACC8228655269,Account-601
TXN0420,2024-09-04 18:11:37,3189.3,UPI,ACC2475459500,Account-656
TXN0421,2024-09-26 06:17:37,1283.9,Bank Transfer,ACC1662047163,Account-324
TXN0422,2024-09-13 02:43:37,1607.0,UPI,ACC9969675756,Account-637
TXN0423,2024-10-01 14:36:37,1638.07,Credit Card,ACC2784352466,Account-942
TXN0424,2024-09-07 15:49:37,267.69,Debit Card,ACC3487812902,Account-814
TXN0425,2024-09-14 06:37:37,1113.66,Credit Card,ACC4320879830,Account-786
TXN0426,2024-10-03 04:36:37,1069.33,Bank Transfer,ACC3729143358,Account-810
TXN0427,2024-09-20 10:23:37,1994.17,Debit Card,ACC4252904228,Account-317
TXN0428,2024-09-10 08:19:37,2660.68,Debit Card,ACC2947747040,Account-740
TXN0429,2024-09-23 18:08:37,2402.9,Credit Card,ACC8192876064,Account-945
TXN0430,2024-09-15 06:20:37,2008.04,Credit Card,ACC2547248337,Account-468
TXN0431,2024-09-04 16:27:37,3664.67,Debit Card,ACC1694186902,Account-573
TXN0432,2024-10-02 06:58:37,2865.16,Net Banking,ACC7526058664,Account-232
TXN0433,2024-09-24 02:46:37,1387.71,UPI,ACC9938670867,Account-874
TXN0434,2024-09-18 10:38:37,4774.41,Debit Card,ACC8911517145,Account-754
TXN0435,2024-09-05 10:55:37,885.75,Credit Card,ACC4074880909,Account-100
TXN0436,2024-09-14 10:43:37,4573.52,Net Banking,ACC6123947972,Account-650
TXN0437,2024-10-01 06:44:37,4590.6,Debit Card,ACC6599396877,Account-769
TXN0438,2024-09-24 03:08:37,1224.83,Credit Card,ACC1966596153,Account-125
TXN0439,2024-09-04 18:00:37,1989.76,UPI,ACC5428985096,Account-221
TXN0440,2024-09-08 00:04:37,2814.55,Credit Card,ACC6594877172,Account-283
TXN0441,2024-09-11 17:50:37,4897.26,Bank Transfer,ACC7367280404,Account-117
TXN0442,2024-09-30 14:33:37,1682.94,Credit Card,ACC7072612942,Account-342
TXN0443,2024-10-02 05:40:37,1624.23,Credit Card,ACC4509541056,Account-173
TXN0444,2024-09-12 06:37:37,621.84,UPI,ACC5036894056,Account-823
TXN0445,2024-09-25 08:34:37,2540.91,UPI,ACC3050667829,Account-705
TXN0446,2024-09-04 03:58:37,600.89,Debit Card,ACC9837962951,Account-840
TXN0447,2024-10-02 00:14:37,3000.92,Credit Card,ACC2791139161,Account-875
TXN0448,2024-09-17 22:59:37,1160.46,UPI,ACC1416718358,Account-952
TXN0449,2024-09-22 14:28:37,4682.34,Bank Transfer,ACC9890374300,Account-394
TXN0450,2024-10-02 12:43:37,4132.92,UPI,ACC8221814913,Account-309
TXN0451,2024-09-13 13:35:37,1664.19,Credit Card,ACC7977374827,Account-410
TXN0452,2024-10-01 09:25:37,3503.42,Debit Card,ACC4854527848,Account-736
TXN0453,2024-09-20 15:25:37,2921.4,Debit Card,ACC4326929826,Account-212
TXN0454,2024-09-20 22:31:37,2738.77,Bank Transfer,ACC5097860822,Account-286
TXN0455,2024-09-30 02:54:37,3674.17,Net Banking,ACC5493111857,Account-454
TXN0456,2024-09-29 22:45:37,1022.27,Debit Card,ACC3006843193,Account-423
TXN0457,2024-09-26 15:44:37,1341.36,Debit Card,ACC1544136809,Account-871
TXN0458,2024-09-02 23:57:37,2219.44,UPI,ACC2616013013,Account-906
TXN0459,2024-09-18 16:37:37,3163.83,Bank Transfer,ACC9357938671,Account-383
TXN0460,2024-09-22 07:45:37,1453.67,Debit Card,ACC8631723208,Account-547
TXN0461,2024-09-07 14:16:37,4835.56,UPI,ACC5338526681,Account-814
TXN0462,2024-09-21 19:37:37,2748.26,UPI,ACC7448422545,Account-204
TXN0463,2024-09-27 05:39:37,2537.1,UPI,ACC7088063388,Account-221
TXN0464,2024-09-26 08:45:37,171.78,Credit Card,ACC9829616322,Account-917
TXN0465,2024-09-08 05:11:37,3197.51,UPI,ACC5366485927,Account-877
TXN0466,2024-09-04 05:39:37,1803.22,Debit Card,ACC4956916185,Account-385
TXN0467,2024-09-18 17:36:37,3307.12,Debit Card,ACC1222172329,Account-374
TXN0468,2024-09-15 05:41:37,2041.37,Debit Card,ACC5014684492,Account-445
TXN0469,2024-09-15 12:15:37,3537.87,Bank Transfer,ACC4059739959,Account-627
TXN0470,2024-09-27 05:26:37,779.37,UPI,ACC8904390418,Account-782
TXN0471,2024-09-19 07:36:37,2312.51,Debit Card,ACC9053453983,Account-252
TXN0472,2024-09-22 01:27:37,177.61,Credit Card,ACC3358687947,Account-681
TXN0473,2024-09-19 19:28:37,1238.59,Credit Card,ACC4641259328,Account-663
TXN0474,2024-09-25 12:27:37,599.19,UPI,ACC4858042587,Account-485
TXN0475,2024-09-20 06:06:37,3728.55,Net Banking,ACC8926995961,Account-406
TXN0476,2024-09-04 16:58:37,3891.49,UPI,ACC4828798332,Account-929
TXN0477,2024-09-23 14:52:37,4643.82,Debit Card,ACC8281285261,Account-929
TXN0478,2024-09-28 13:13:37,2970.85,Bank Transfer,ACC8344886092,Account-528
TXN0479,2024-09-14 18:04:37,2418.51,Bank Transfer,ACC6281098563,Account-500
TXN0480,2024-09-11 04:46:37,1646.5,Net Banking,ACC3387932346,Account-334
TXN0481,2024-09-06 16:06:37,4357.87,Credit Card,ACC1243464162,Account-773
TXN0482,2024-10-02 00:19:37,2931.61,Net Banking,ACC3163871823,Account-344
TXN0483,2024-09-08 00:23:37,3991.07,Credit Card,ACC5270281812,Account-440
TXN0484,2024-09-02 15:56:37,533.43,Bank Transfer,ACC3082819009,Account-878
TXN0485,2024-10-02 09:25:37,4971.07,Debit Card,ACC4976655916,Account-301
TXN0486,2024-09-15 05:43:37,2401.58,Debit Card,ACC6987897415,Account-811
TXN0487,2024-09-29 18:26:37,1009.97,Bank Transfer,ACC9887455245,Account-907
TXN0488,2024-09-13 01:59:37,3278.06,Debit Card,ACC7889732264,Account-600
TXN0489,2024-09-27 22:59:37,2425.79,Credit Card,ACC5740878338,Account-761
TXN0490,2024-09-18 12:34:37,3592.09,Bank Transfer,ACC1942044825,Account-384
TXN0491,2024-09-08 07:53:37,4359.72,Bank Transfer,ACC8202457745,Account-976
TXN0492,2024-09-21 23:12:37,4389.77,Net Banking,ACC8062845826,Account-313
TXN0493,2024-09-05 16:46:37,3925.11,Debit Card,ACC8720552631,Account-848
TXN0494,2024-09-20 14:08:37,1598.58,Credit Card,ACC6544238517,Account-373
TXN0495,2024-09-12 06:23:37,124.61,Net Banking,ACC6494642796,Account-527
TXN0496,2024-09-28 07:07:37,1194.19,Net Banking,ACC3900579259,Account-151
TXN0497,2024-09-29 22:04:37,922.73,UPI,ACC1351941093,Account-580
TXN0498,2024-09-02 10:26:37,4962.34,Net Banking,ACC1858969044,Account-762
TXN0499,2024-10-01 03:58:37,2887.44,Bank Transfer,ACC9715229571,Account-596
TXN0500,2024-09-27 14:38:37,1747.31,Debit Card,ACC9946579747,Account-606
TXN0501,2024-09-12 14:24:37,854.21,Debit Card,ACC2045038858,Account-753
TXN0502,2024-09-27 12:43:37,4628.59,UPI,ACC8390941816,Account-104
TXN0503,2024-09-30 14:04:37,2577.5,Net Banking,ACC5473573776,Account-750
TXN0504,2024-09-24 12:39:37,1309.32,Debit Card,ACC6332686514,Account-854
TXN0505,2024-09-28 01:34:37,634.33,UPI,ACC6310727532,Account-342
TXN0506,2024-09-12 02:35:37,2822.33,Debit Card,ACC3905387143,Account-993
TXN0507,2024-09-05 07:43:37,4248.82,Net Banking,ACC9450249920,Account-423
TXN0508,2024-10-03 07:53:37,3062.83,Credit Card,ACC1843041448,Account-948
TXN0509,2024-09-25 12:06:37,3474.6,Debit Card,ACC9957531893,Account-129
TXN0510,2024-09-19 13:20:37,2967.69,UPI,ACC3583191743,Account-522
TXN0511,2024-09-23 21:47:37,1949.68,UPI,ACC7768734671,Account-835
TXN0512,2024-09-20 17:54:37,769.46,Credit Card,ACC6907949433,Account-460
TXN0513,2024-09-28 21:39:37,838.82,Bank Transfer,ACC2980828282,Account-522
TXN0514,2024-09-07 06:21:37,1666.46,Credit Card,ACC3063208740,Account-832
TXN0515,2024-09-09 14:27:37,4391.71,Debit Card,ACC5439784390,Account-197
TXN0516,2024-09-08 01:41:37,307.19,UPI,ACC9886913352,Account-269
TXN0517,2024-09-26 11:06:37,4195.7,UPI,ACC7013565088,Account-525
TXN0518,2024-10-01 06:42:37,4942.5,Debit Card,ACC4344542076,Account-957
TXN0519,2024-09-09 14:57:37,2204.6,UPI,ACC2050555984,Account-808
TXN0520,2024-09-18 03:21:37,1404.51,Credit Card,ACC6071948819,Account-314
TXN0521,2024-09-26 22:15:37,4187.13,UPI,ACC1072227962,Account-485
TXN0522,2024-10-03 09:06:37,4232.31,Debit Card,ACC2611113090,Account-350
TXN0523,2024-09-14 15:46:37,3330.56,UPI,ACC1462615211,Account-539
TXN0524,2024-09-18 13:22:37,1858.48,Net Banking,ACC9055250626,Account-376
TXN0525,2024-09-10 00:09:37,3080.7,Bank Transfer,ACC1741583279,Account-298
TXN0526,2024-09-12 05:37:37,3347.23,Debit Card,ACC1871161473,Account-384
TXN0527,2024-09-17 08:52:37,251.13,Credit Card,ACC5878530453,Account-240
TXN0528,2024-09-02 20:23:37,4102.16,UPI,ACC2823287053,Account-472
TXN0529,2024-09-26 00:40:37,3401.07,Credit Card,ACC6874351923,Account-721
TXN0530,2024-09-18 00:13:37,3844.92,Net Banking,ACC6914689488,Account-154
TXN0531,2024-09-12 06:00:37,3796.46,UPI,ACC8665686910,Account-548
TXN0532,2024-09-21 08:37:37,965.25,UPI,ACC9209794389,Account-328
TXN0533,2024-09-16 15:33:37,1273.72,UPI,ACC9579876754,Account-637
TXN0534,2024-09-28 03:25:37,3556.71,Credit Card,ACC7459129003,Account-214
TXN0535,2024-09-23 16:19:37,2393.06,Credit Card,ACC8545095039,Account-816
TXN0536,2024-09-20 19:36:37,258.79,Bank Transfer,ACC2692417809,Account-143
TXN0537,2024-09-20 03:19:37,797.25,Bank Transfer,ACC3153988331,Account-348
TXN0538,2024-09-18 18:41:37,2425.98,Net Banking,ACC6881306982,Account-376
TXN0539,2024-09-14 18:39:37,1344.56,Net Banking,ACC1766713889,Account-953
TXN0540,2024-10-02 19:38:37,2708.49,Credit Card,ACC2735698798,Account-533
TXN0541,2024-09-12 11:41:37,1690.58,Bank Transfer,ACC8170963980,Account-618
TXN0542,2024-09-25 19:14:37,3139.96,Net Banking,ACC4720680685,Account-209
TXN0543,2024-09-28 07:22:37,3817.81,UPI,ACC2829172394,Account-272
TXN0544,2024-09-14 06:09:37,4061.66,Credit Card,ACC6112918949,Account-693
TXN0545,2024-09-06 07:13:37,278.03,Credit Card,ACC6949635644,Account-396
TXN0546,2024-10-01 09:43:37,1283.13,UPI,ACC9539206471,Account-632
TXN0547,2024-09-10 15:48:37,2942.12,Bank Transfer,ACC9642004403,Account-143
TXN0548,2024-09-05 23:03:37,988.33,Net Banking,ACC6854520004,Account-167
TXN0549,2024-09-15 04:03:37,4164.07,Bank Transfer,ACC8655291002,Account-268
TXN0550,2024-09-07 01:56:37,839.51,Credit Card,ACC1823000828,Account-709
TXN0551,2024-09-25 03:47:37,4300.44,Credit Card,ACC7446033572,Account-947
TXN0552,2024-09-21 03:38:37,544.43,Debit Card,ACC6271459028,Account-344
TXN0553,2024-09-07 16:51:37,4373.53,UPI,ACC9803707992,Account-273
TXN0554,2024-09-02 12:45:37,2194.88,Net Banking,ACC6169495741,Account-552
TXN0555,2024-09-02 22:04:37,4227.94,Debit Card,ACC4829929141,Account-159
TXN0556,2024-09-26 12:01:37,2751.68,Debit Card,ACC8561514763,Account-736
TXN0557,2024-09-16 12:29:37,4607.72,Debit Card,ACC9801433384,Account-342
TXN0558,2024-09-14 00:06:37,4075.81,Net Banking,ACC4003179839,Account-492
TXN0559,2024-09-25 09:06:37,2179.79,Debit Card,ACC1711213946,Account-956
TXN0560,2024-09-29 18:27:37,3403.41,Bank Transfer,ACC6321157937,Account-350
TXN0561,2024-09-28 06:57:37,2956.95,Net Banking,ACC4632046832,Account-929
TXN0562,2024-09-07 07:06:37,4040.14,Net Banking,ACC7579584518,Account-331
TXN0563,2024-09-16 03:16:37,359.09,Credit Card,ACC5181840602,Account-611
TXN0564,2024-09-22 04:48:37,2541.47,Credit Card,ACC2962793392,Account-656
TXN0565,2024-09-20 11:09:37,1306.86,Debit Card,ACC5178177648,Account-392
TXN0566,2024-09-25 19:23:37,2014.28,UPI,ACC9145604124,Account-273
TXN0567,2024-09-06 07:05:37,2409.6,Net Banking,ACC5606590368,Account-434
TXN0568,2024-09-04 21:19:37,3694.09,Debit Card,ACC6490145385,Account-462
TXN0569,2024-09-21 02:22:37,1352.94,Bank Transfer,ACC8941567024,Account-300
TXN0570,2024-09-08 03:58:37,771.14,Debit Card,ACC8174681613,Account-563
TXN0571,2024-09-13 13:21:37,4376.9,UPI,ACC7968533709,Account-582
TXN0572,2024-09-07 03:14:37,2121.96,Net Banking,ACC3347429353,Account-494
TXN0573,2024-09-24 12:03:37,351.87,UPI,ACC5786598509,Account-344
TXN0574,2024-09-29 14:38:37,324.11,UPI,ACC4834988287,Account-106
TXN0575,2024-09-26 00:19:37,1955.74,UPI,ACC6314127258,Account-286
TXN0576,2024-09-25 16:40:37,3704.55,Credit Card,ACC5676395229,Account-889
TXN0577,2024-09-21 23:11:37,2816.1,Credit Card,ACC9807046219,Account-534
TXN0578,2024-09-28 20:00:37,2497.44,Debit Card,ACC8975885087,Account-167
TXN0579,2024-09-23 10:37:37,2908.39,Credit Card,ACC2242532025,Account-481
TXN0580,2024-09-10 19:13:37,525.66,UPI,ACC7586311716,Account-809
TXN0581,2024-09-13 08:52:37,2744.46,Net Banking,ACC2522149853,Account-499
TXN0582,2024-09-14 02:37:37,393.63,Credit Card,ACC6774102906,Account-151
TXN0583,2024-09-20 07:29:37,2255.38,Bank Transfer,ACC2813564058,Account-797
TXN0584,2024-09-29 16:23:37,4975.09,Bank Transfer,ACC1580100371,Account-401
TXN0585,2024-09-29 00:27:37,2232.39,Credit Card,ACC6363394350,Account-336
TXN0586,2024-09-24 03:30:37,3169.66,UPI,ACC2356498237,Account-837
TXN0587,2024-09-09 16:51:37,4601.92,Debit Card,ACC5340392332,Account-991
TXN0588,2024-09-08 21:25:37,1451.48,Credit Card,ACC9998175453,Account-168
TXN0589,2024-09-06 16:55:37,2935.02,Bank Transfer,ACC1491263219,Account-500
TXN0590,2024-09-23 23:13:37,3787.06,UPI,ACC2853997877,Account-624
TXN0591,2024-09-16 00:01:37,4335.23,Bank Transfer,ACC9347976853,Account-133
TXN0592,2024-09-18 00:28:37,546.22,Credit Card,ACC1821975154,Account-846
TXN0593,2024-09-03 07:44:37,1688.87,Credit Card,ACC4376678311,Account-437
TXN0594,2024-09-22 06:24:37,1265.16,UPI,ACC3935173825,Account-662
TXN0595,2024-09-06 00:30:37,3847.46,UPI,ACC6085257735,Account-313
TXN0596,2024-09-25 18:55:37,2636.68,Bank Transfer,ACC3261449404,Account-237
TXN0597,2024-09-04 04:13:37,2369.07,UPI,ACC8408452100,Account-508
TXN0598,2024-09-25 18:27:37,2535.9,UPI,ACC7697083533,Account-360
TXN0599,2024-09-22 19:17:37,2810.22,Credit Card,ACC4328031101,Account-888
TXN0600,2024-09-15 23:42:37,4490.59,Credit Card,ACC3309794435,Account-687
TXN0601,2024-09-18 06:11:37,1781.53,Net Banking,ACC5053736054,Account-613
TXN0602,2024-09-09 03:22:37,3694.71,Debit Card,ACC6623583510,Account-708
TXN0603,2024-09-23 14:02:37,568.84,Net Banking,ACC9772985043,Account-150
TXN0604,2024-09-23 12:40:37,644.92,Net Banking,ACC7462364586,Account-392
TXN0605,2024-09-16 14:36:37,4699.83,Bank Transfer,ACC2205006220,Account-313
TXN0606,2024-09-03 02:29:37,2858.79,Net Banking,ACC3043942691,Account-147
TXN0607,2024-09-10 18:17:37,1344.09,UPI,ACC1169954278,Account-655
TXN0608,2024-09-28 05:13:37,2484.52,UPI,ACC9788271300,Account-835
TXN0609,2024-09-04 10:34:37,2179.19,Debit Card,ACC4399928609,Account-742
TXN0610,2024-09-23 14:45:37,139.33,Net Banking,ACC9182052947,Account-869
TXN0611,2024-09-12 11:32:37,1554.56,Bank Transfer,ACC4710037284,Account-917
TXN0612,2024-09-11 05:56:37,801.62,Net Banking,ACC2665832508,Account-206
TXN0613,2024-09-12 12:57:37,4370.14,Credit Card,ACC8637844197,Account-549
TXN0614,2024-09-20 22:49:37,744.69,Net Banking,ACC9096172312,Account-318
TXN0615,2024-09-16 21:11:37,2595.84,Credit Card,ACC7960319646,Account-332
TXN0616,2024-09-02 12:12:37,726.58,Debit Card,ACC9817026006,Account-727
TXN0617,2024-09-05 00:12:37,4342.91,UPI,ACC4917357967,Account-254
TXN0618,2024-09-14 21:46:37,2540.56,UPI,ACC5315900251,Account-451
TXN0619,2024-09-07 15:56:37,676.19,Credit Card,ACC1665421577,Account-642
TXN0620,2024-09-14 15:59:37,732.73,Debit Card,ACC4153718244,Account-151
TXN0621,2024-09-17 19:51:37,4233.1,Credit Card,ACC3946236473,Account-743
TXN0622,2024-09-04 02:58:37,470.57,UPI,ACC1723661124,Account-487
TXN0623,2024-09-05 10:31:37,2430.96,Net Banking,ACC7212203538,Account-710
TXN0624,2024-09-05 15:17:37,144.24,UPI,ACC2511315800,Account-259
TXN0625,2024-09-16 07:30:37,4297.28,Debit Card,ACC1245585625,Account-873
TXN0626,2024-09-19 21:01:37,1541.05,UPI,ACC8597119018,Account-948
TXN0627,2024-09-10 13:20:37,881.82,Debit Card,ACC4985758631,Account-692
TXN0628,2024-09-20 14:46:37,3145.82,Bank Transfer,ACC6597063192,Account-200
TXN0629,2024-09-20 17:43:37,4305.92,Bank Transfer,ACC4232976329,Account-143
TXN0630,2024-09-16 01:24:37,1805.46,Debit Card,ACC7583696139,Account-883
TXN0631,2024-09-22 14:41:37,3367.48,UPI,ACC1354237872,Account-168
TXN0632,2024-09-02 11:15:37,4499.07,UPI,ACC1765246661,Account-728
TXN0633,2024-09-03 03:54:37,513.16,Debit Card,ACC9370158930,Account-537
TXN0634,2024-09-12 18:41:37,4169.41,Debit Card,ACC4716911219,Account-537
TXN0635,2024-09-09 08:19:37,3294.57,Net Banking,ACC4554980193,Account-977
TXN0636,2024-09-29 14:15:37,2283.22,Bank Transfer,ACC2445244670,Account-945
TXN0637,2024-09-23 19:31:37,2521.01,UPI,ACC1179104981,Account-937
TXN0638,2024-09-29 12:58:37,2811.09,Bank Transfer,ACC4050329792,Account-791
TXN0639,2024-09-26 05:20:37,2639.36,Credit Card,ACC8243878128,Account-349
TXN0640,2024-09-14 09:27:37,4305.26,Net Banking,ACC9444742837,Account-672
TXN0641,2024-09-11 06:20:37,4632.45,Net Banking,ACC5993687104,Account-674
TXN0642,2024-09-14 22:01:37,292.51,Credit Card,ACC8029248969,Account-178
TXN0643,2024-09-10 23:10:37,370.08,Net Banking,ACC6731330628,Account-925
TXN0644,2024-09-09 17:12:37,1554.76,Debit Card,ACC9739478666,Account-814
TXN0645,2024-09-11 16:58:37,3568.96,Bank Transfer,ACC8827288734,Account-606
TXN0646,2024-09-05 23:11:37,3598.25,Bank Transfer,ACC3695689569,Account-652
TXN0647,2024-09-07 10:46:37,956.44,Debit Card,ACC2166688874,Account-745
TXN0648,2024-09-05 14:25:37,368.75,Debit Card,ACC5374222328,Account-864
TXN0649,2024-09-17 07:03:37,2848.33,Net Banking,ACC3852565703,Account-228
TXN0650,2024-09-20 08:01:37,1271.3,UPI,ACC9068433147,Account-602
TXN0651,2024-09-30 21:44:37,3711.22,UPI,ACC6262974208,Account-833
TXN0652,2024-10-02 17:20:37,147.16,UPI,ACC3056396845,Account-905
TXN0653,2024-10-01 11:34:37,141.15,Bank Transfer,ACC7823325933,Account-331
TXN0654,2024-09-05 15:32:37,2528.39,Debit Card,ACC3572508040,Account-587
TXN0655,2024-09-26 09:46:37,3664.13,Debit Card,ACC3986452367,Account-690
TXN0656,2024-09-27 14:26:37,764.89,Debit Card,ACC6190906278,Account-741
TXN0657,2024-09-12 17:27:37,2225.46,UPI,ACC6074133542,Account-301
TXN0658,2024-09-23 12:50:37,4160.61,Debit Card,ACC1362095349,Account-703
TXN0659,2024-10-02 11:45:37,1199.66,Credit Card,ACC4256281000,Account-493
TXN0660,2024-09-28 09:33:37,4048.72,Credit Card,ACC4248076255,Account-877
TXN0661,2024-09-12 18:51:37,2604.95,Debit Card,ACC9055714403,Account-264
TXN0662,2024-09-25 20:58:37,2068.98,Debit Card,ACC7097209933,Account-358
TXN0663,2024-09-13 06:51:37,4224.51,Net Banking,ACC5667346556,Account-720
TXN0664,2024-09-24 22:54:37,3133.94,Net Banking,ACC9310569748,Account-969
TXN0665,2024-09-28 18:33:37,2231.14,Debit Card,ACC3751871893,Account-297
TXN0666,2024-09-25 04:24:37,364.56,Net Banking,ACC9153482139,Account-342
TXN0667,2024-09-30 06:47:37,4419.5,Debit Card,ACC3361841110,Account-578
TXN0668,2024-09-23 06:01:37,4658.4,Credit Card,ACC8711958222,Account-627
TXN0669,2024-09-25 10:59:37,4497.14,Net Banking,ACC4855755394,Account-967
TXN0670,2024-09-30 14:44:37,2655.3,Credit Card,ACC6264171238,Account-915
TXN0671,2024-09-25 16:52:37,902.99,Net Banking,ACC6118918954,Account-107
TXN0672,2024-09-29 05:13:37,2939.72,Debit Card,ACC2250117771,Account-356
TXN0673,2024-09-19 18:43:37,135.51,Debit Card,ACC4559595817,Account-383
TXN0674,2024-09-21 21:40:37,2845.1,Net Banking,ACC8981839978,Account-318
TXN0675,2024-10-02 15:21:37,1925.9,Bank Transfer,ACC5194539299,Account-869
TXN0676,2024-09-03 12:24:37,4071.06,UPI,ACC5040123674,Account-322
TXN0677,2024-10-01 07:54:37,4411.76,Credit Card,ACC9818554158,Account-127
TXN0678,2024-09-19 15:41:37,2748.66,Bank Transfer,ACC9398135729,Account-317
TXN0679,2024-10-03 00:02:37,1925.09,Debit Card,ACC7027578543,Account-337
TXN0680,2024-09-26 04:38:37,4601.44,Net Banking,ACC6889625185,Account-640
TXN0681,2024-09-24 09:17:37,55.55,UPI,ACC1390744042,Account-314
TXN0682,2024-09-20 20:39:37,2196.22,Credit Card,ACC2048109543,Account-413
TXN0683,2024-09-16 12:00:37,3740.37,UPI,ACC9195370757,Account-773
TXN0684,2024-09-12 10:22:37,4914.75,Net Banking,ACC3560346015,Account-128
TXN0685,2024-10-01 04:19:37,2565.37,Debit Card,ACC9352937356,Account-794
TXN0686,2024-09-12 23:00:37,2134.66,UPI,ACC3486222264,Account-493
TXN0687,2024-09-05 06:47:37,4964.96,Debit Card,ACC4722693595,Account-919
TXN0688,2024-09-19 13:23:37,1229.53,Bank Transfer,ACC6996131222,Account-346
TXN0689,2024-09-29 23:33:37,4288.22,Net Banking,ACC3673273062,Account-440
TXN0690,2024-09-09 16:56:37,364.78,Net Banking,ACC8777828842,Account-162
TXN0691,2024-09-05 13:29:37,1358.94,Debit Card,ACC5667710955,Account-232
TXN0692,2024-09-05 00:24:37,4387.7,Bank Transfer,ACC5708673344,Account-785
TXN0693,2024-09-11 23:14:37,1775.67,Debit Card,ACC3540263225,Account-915
TXN0694,2024-09-10 17:06:37,3988.5,Debit Card,ACC6302238193,Account-428
TXN0695,2024-09-03 05:55:37,1680.55,Debit Card,ACC1619349944,Account-652
TXN0696,2024-09-21 07:39:37,186.49,Debit Card,ACC5725565870,Account-435
TXN0697,2024-09-15 16:35:37,1803.32,UPI,ACC3261569683,Account-234
TXN0698,2024-09-11 17:59:37,4115.25,Credit Card,ACC7234180510,Account-380
TXN0699,2024-09-08 07:12:37,295.07,Bank Transfer,ACC4574827287,Account-354
TXN0700,2024-09-13 19:06:37,1075.23,Credit Card,ACC2408553517,Account-227
TXN0701,2024-09-30 02:54:37,4549.41,UPI,ACC4147941796,Account-142
TXN0702,2024-09-23 13:37:37,1603.49,Credit Card,ACC3376544078,Account-626
TXN0703,2024-09-23 02:48:37,4135.13,UPI,ACC2052636229,Account-179
TXN0704,2024-09-27 07:58:37,3596.21,Bank Transfer,ACC9135784676,Account-314
TXN0705,2024-09-29 14:22:37,3506.25,Bank Transfer,ACC2241540041,Account-924
TXN0706,2024-09-21 14:59:37,1124.92,UPI,ACC2421990285,Account-952
TXN0707,2024-09-29 11:05:37,3024.64,Bank Transfer,ACC9288658892,Account-452
TXN0708,2024-09-25 07:26:37,4499.17,Bank Transfer,ACC4259061468,Account-486
TXN0709,2024-10-02 14:54:37,3697.13,Credit Card,ACC9207787890,Account-370
TXN0710,2024-09-16 00:46:37,4354.28,Bank Transfer,ACC2018737277,Account-397
TXN0711,2024-10-01 10:34:37,1615.9,Credit Card,ACC8494468465,Account-900
TXN0712,2024-09-10 22:38:37,1485.16,Net Banking,ACC8609757129,Account-461
TXN0713,2024-09-02 14:06:37,512.37,Credit Card,ACC4278314489,Account-816
TXN0714,2024-10-01 06:07:37,4765.87,Net Banking,ACC8988613625,Account-822
TXN0715,2024-09-14 21:43:37,731.23,Bank Transfer,ACC1529534155,Account-325
TXN0716,2024-10-02 14:02:37,964.22,Debit Card,ACC9885424756,Account-392
TXN0717,2024-09-26 09:54:37,2806.34,UPI,ACC6727357698,Account-785
TXN0718,2024-09-15 10:29:37,2679.71,Credit Card,ACC4998787666,Account-479
TXN0719,2024-10-02 08:17:37,213.09,Net Banking,ACC2986676954,Account-625
TXN0720,2024-09-15 11:42:37,876.93,Net Banking,ACC5164612740,Account-741
TXN0721,2024-09-02 14:50:37,2864.29,Credit Card,ACC9071469220,Account-178
TXN0722,2024-09-14 20:36:37,527.54,UPI,ACC5401830375,Account-968
TXN0723,2024-10-02 03:40:37,1642.42,Net Banking,ACC7391192289,Account-184
TXN0724,2024-10-02 15:20:37,3455.5,Debit Card,ACC4471054469,Account-803
TXN0725,2024-09-13 04:45:37,1351.13,Net Banking,ACC6473713758,Account-482
TXN0726,2024-09-11 17:30:37,4245.8,UPI,ACC1946365005,Account-280
TXN0727,2024-09-05 20:13:37,2460.94,UPI,ACC3297320832,Account-304
TXN0728,2024-09-18 02:56:37,4041.03,UPI,ACC6910986333,Account-815
TXN0729,2024-10-01 06:02:37,4616.47,Credit Card,ACC3488671585,Account-203
TXN0730,2024-09-09 22:54:37,3014.83,Net Banking,ACC1438922560,Account-288
TXN0731,2024-09-23 08:53:37,989.95,UPI,ACC6928385278,Account-468
TXN0732,2024-09-25 07:09:37,784.48,Credit Card,ACC6184735894,Account-851
TXN0733,2024-09-10 05:14:37,4847.54,UPI,ACC1928767085,Account-760
TXN0734,2024-09-24 02:47:37,4735.95,Credit Card,ACC8959478282,Account-513
TXN0735,2024-09-05 13:11:37,2214.58,Bank Transfer,ACC9221120090,Account-861
TXN0736,2024-09-18 17:56:37,3076.95,Bank Transfer,ACC3134790891,Account-456
TXN0737,2024-09-23 03:05:37,3204.55,Debit Card,ACC6231665999,Account-255
TXN0738,2024-09-03 11:23:37,1168.2,Net Banking,ACC1621686720,Account-777
TXN0739,2024-09-03 08:02:37,4774.18,Credit Card,ACC8023712481,Account-806
TXN0740,2024-09-12 17:13:37,4572.65,Net Banking,ACC2150770161,Account-927
TXN0741,2024-09-07 11:08:37,4101.65,UPI,ACC4952966654,Account-727
TXN0742,2024-09-23 19:09:37,2714.77,UPI,ACC8899148422,Account-701
TXN0743,2024-09-08 22:38:37,3785.96,Debit Card,ACC5741994845,Account-295
TXN0744,2024-09-10 12:33:37,3738.27,Debit Card,ACC3861953428,Account-636
TXN0745,2024-09-24 23:55:37,2631.51,Debit Card,ACC1257800788,Account-675
TXN0746,2024-09-05 23:00:37,3302.28,Bank Transfer,ACC7717800222,Account-169
TXN0747,2024-09-03 09:21:37,4535.09,Debit Card,ACC4756575670,Account-417
TXN0748,2024-09-07 03:45:37,3179.56,UPI,ACC1993883476,Account-582
TXN0749,2024-09-23 04:30:37,110.03,Net Banking,ACC4098460830,Account-856
TXN0750,2024-09-06 16:06:37,3302.14,Bank Transfer,ACC4513442823,Account-821
TXN0751,2024-09-20 21:03:37,3201.05,Debit Card,ACC1614924329,Account-415
TXN0752,2024-09-14 17:40:37,3020.91,UPI,ACC2249511314,Account-221
TXN0753,2024-09-28 20:13:37,904.23,Debit Card,ACC1419725042,Account-919
TXN0754,2024-09-20 02:51:37,3046.63,Credit Card,ACC4597752650,Account-630
TXN0755,2024-09-22 11:33:37,208.15,Bank Transfer,ACC1659846696,Account-682
TXN0756,2024-09-22 19:22:37,966.41,Net Banking,ACC7449786737,Account-866
TXN0757,2024-09-19 11:34:37,1051.57,Debit Card,ACC6272627863,Account-408
TXN0758,2024-09-21 09:50:37,2094.45,Debit Card,ACC5145850217,Account-106
TXN0759,2024-09-23 11:37:37,3684.24,UPI,ACC8247741804,Account-619
TXN0760,2024-10-02 14:38:37,1500.72,Bank Transfer,ACC5962118321,Account-704
TXN0761,2024-09-17 02:41:37,2706.71,UPI,ACC7418192787,Account-112
TXN0762,2024-09-16 22:29:37,508.97,Bank Transfer,ACC5850279782,Account-232
TXN0763,2024-09-24 22:52:37,3023.74,Net Banking,ACC2981748578,Account-303
TXN0764,2024-09-10 18:55:37,4819.29,Credit Card,ACC4347610024,Account-154
TXN0765,2024-09-02 12:01:37,4000.66,Credit Card,ACC1615427843,Account-262
TXN0766,2024-09-07 23:32:37,579.15,Credit Card,ACC6326754647,Account-282
TXN0767,2024-09-16 18:00:37,2490.62,Bank Transfer,ACC7975439778,Account-212
TXN0768,2024-09-17 08:50:37,1248.01,Debit Card,ACC5469899702,Account-873
TXN0769,2024-09-30 17:24:37,4313.69,Debit Card,ACC9219657902,Account-632
TXN0770,2024-09-26 14:55:37,2916.77,UPI,ACC6699191424,Account-876
TXN0771,2024-09-24 17:48:37,2152.37,UPI,ACC9587450664,Account-550
TXN0772,2024-09-12 09:31:37,1723.93,Bank Transfer,ACC5719542880,Account-628
TXN0773,2024-09-30 04:14:37,2905.59,Bank Transfer,ACC2268317789,Account-405
TXN0774,2024-09-24 23:58:37,1858.15,Credit Card,ACC6613761568,Account-212
TXN0775,2024-09-08 00:00:37,2794.19,Net Banking,ACC6639122532,Account-799
TXN0776,2024-09-18 06:10:37,300.97,UPI,ACC7518700693,Account-729
TXN0777,2024-09-06 15:41:37,2598.47,Bank Transfer,ACC4019434104,Account-535
TXN0778,2024-09-20 23:56:37,3167.0,UPI,ACC6763738758,Account-537
TXN0779,2024-09-17 22:01:37,3343.96,UPI,ACC4637699299,Account-710
TXN0780,2024-09-17 09:46:37,3392.85,Debit Card,ACC4010537167,Account-400
TXN0781,2024-10-01 01:10:37,1132.59,Debit Card,ACC6533356763,Account-396
TXN0782,2024-09-18 14:03:37,4898.12,Credit Card,ACC3013600183,Account-850
TXN0783,2024-09-19 21:03:37,988.45,Net Banking,ACC1484938273,Account-905
TXN0784,2024-09-10 05:11:37,1326.83,UPI,ACC7313565850,Account-885
TXN0785,2024-09-04 09:45:37,4133.35,Net Banking,ACC6555915693,Account-162
TXN0786,2024-09-26 20:51:37,303.2,Net Banking,ACC3767737622,Account-548
TXN0787,2024-09-11 09:13:37,909.06,Net Banking,ACC9222722114,Account-364
TXN0788,2024-09-11 19:13:37,4349.25,Net Banking,ACC1080189939,Account-147
TXN0789,2024-10-02 14:36:37,3359.65,UPI,ACC4124516448,Account-811
TXN0790,2024-09-06 02:57:37,4756.42,Bank Transfer,ACC4690806794,Account-449
TXN0791,2024-09-03 01:45:37,2102.05,UPI,ACC8834712144,Account-359
TXN0792,2024-09-12 14:50:37,376.36,Net Banking,ACC7426897379,Account-404
TXN0793,2024-09-29 01:36:37,572.06,UPI,ACC2404009871,Account-580
TXN0794,2024-09-15 17:52:37,3951.46,Bank Transfer,ACC2966367494,Account-521
TXN0795,2024-09-12 17:59:37,3847.79,Credit Card,ACC9540366250,Account-752
TXN0796,2024-09-04 01:56:37,1578.53,Net Banking,ACC9724962824,Account-105
TXN0797,2024-10-01 08:55:37,1574.47,Debit Card,ACC2824027345,Account-103
TXN0798,2024-09-28 16:35:37,4367.69,Credit Card,ACC9910042270,Account-517
TXN0799,2024-09-08 02:31:37,3975.2,Debit Card,ACC1358795530,Account-513
TXN0800,2024-09-28 18:29:37,1122.65,Bank Transfer,ACC1080504512,Account-207
TXN0801,2024-09-23 21:47:37,1726.94,Debit Card,ACC1747829048,Account-820
TXN0802,2024-09-23 04:43:37,1265.02,Credit Card,ACC5490730702,Account-663
TXN0803,2024-09-07 16:36:37,3140.66,Debit Card,ACC8611099143,Account-704
TXN0804,2024-09-11 06:47:37,3849.68,Bank Transfer,ACC3583391295,Account-449
TXN0805,2024-09-28 22:11:37,2834.85,Net Banking,ACC9997138791,Account-573
TXN0806,2024-09-12 04:50:37,290.19,Credit Card,ACC1047549034,Account-677
TXN0807,2024-09-18 07:17:37,1651.6,UPI,ACC3783779333,Account-457
TXN0808,2024-09-08 15:48:37,3054.17,Credit Card,ACC1343006817,Account-998
TXN0809,2024-09-02 18:25:37,877.39,UPI,ACC4795927923,Account-249
TXN0810,2024-09-12 09:05:37,3544.58,UPI,ACC8653491412,Account-596
TXN0811,2024-09-08 20:36:37,4024.29,UPI,ACC1542943507,Account-577
TXN0812,2024-09-11 12:09:37,558.89,Credit Card,ACC6467873825,Account-341
TXN0813,2024-09-03 08:14:37,4366.31,UPI,ACC6319246818,Account-788
TXN0814,2024-09-15 21:11:37,3420.7,Debit Card,ACC1229074410,Account-822
TXN0815,2024-09-11 20:39:37,789.85,Debit Card,ACC2699897675,Account-364
TXN0816,2024-09-12 16:55:37,4886.72,Bank Transfer,ACC1229963483,Account-184
TXN0817,2024-09-27 01:11:37,847.55,UPI,ACC5699361481,Account-110
TXN0818,2024-09-28 01:36:37,4927.47,Debit Card,ACC5124700430,Account-275
TXN0819,2024-09-16 17:22:37,1127.06,Bank Transfer,ACC9177777071,Account-906
TXN0820,2024-09-09 11:01:37,364.2,Net Banking,ACC4594237276,Account-500
TXN0821,2024-09-21 15:05:37,4969.81,Net Banking,ACC6405045647,Account-392
TXN0822,2024-09-20 05:54:37,2710.01,Net Banking,ACC5873675288,Account-655
TXN0823,2024-09-08 04:38:37,3053.8,Net Banking,ACC7933310836,Account-683
TXN0824,2024-09-13 16:39:37,1451.15,Credit Card,ACC5093662537,Account-460
TXN0825,2024-09-27 07:20:37,1948.17,UPI,ACC6784307420,Account-120
TXN0826,2024-09-27 09:52:37,732.22,Bank Transfer,ACC6191673044,Account-658
TXN0827,2024-09-04 08:45:37,4380.97,Net Banking,ACC9735340792,Account-553
TXN0828,2024-09-15 03:59:37,3998.4,Net Banking,ACC9313745403,Account-862
TXN0829,2024-10-01 20:53:37,1028.5,Debit Card,ACC4769490599,Account-446
TXN0830,2024-09-12 23:13:37,2099.25,Debit Card,ACC3070925725,Account-805
TXN0831,2024-09-17 09:47:37,1240.2,Net Banking,ACC3558329406,Account-868
TXN0832,2024-09-14 09:58:37,2879.64,Debit Card,ACC7764289647,Account-784
TXN0833,2024-09-27 22:22:37,3950.21,Debit Card,ACC9399220935,Account-790
TXN0834,2024-09-25 20:18:37,1129.23,UPI,ACC1410074730,Account-401
TXN0835,2024-09-10 14:53:37,174.49,UPI,ACC7284302457,Account-657
TXN0836,2024-09-13 19:10:37,1979.18,Credit Card,ACC2447241499,Account-109
TXN0837,2024-09-28 09:59:37,292.25,Bank Transfer,ACC5060667324,Account-220
TXN0838,2024-09-26 23:09:37,1140.53,Credit Card,ACC6492206033,Account-318
TXN0839,2024-10-02 21:26:37,3379.31,Net Banking,ACC3523039114,Account-848
TXN0840,2024-09-08 19:37:37,1965.94,Debit Card,ACC4449480052,Account-685
TXN0841,2024-09-18 05:16:37,336.61,Net Banking,ACC8394275099,Account-463
TXN0842,2024-09-04 12:56:37,4103.68,UPI,ACC1301597513,Account-289
TXN0843,2024-09-29 13:25:37,313.86,Credit Card,ACC3638069683,Account-236
TXN0844,2024-09-09 17:01:37,4882.13,Net Banking,ACC5616715013,Account-162
TXN0845,2024-09-26 05:09:37,4527.11,Net Banking,ACC1454608984,Account-866
TXN0846,2024-09-06 02:37:37,1042.48,Debit Card,ACC1630105459,Account-450
TXN0847,2024-09-09 08:34:37,3331.68,Credit Card,ACC9613871425,Account-504
TXN0848,2024-09-24 06:48:37,1562.6,Net Banking,ACC6702701140,Account-144
TXN0849,2024-09-14 13:01:37,1021.36,Net Banking,ACC1902422000,Account-413
TXN0850,2024-09-23 06:57:37,3883.51,UPI,ACC4828575146,Account-565
TXN0851,2024-09-07 07:22:37,4042.72,Credit Card,ACC7906244688,Account-324
TXN0852,2024-09-07 17:07:37,2196.53,UPI,ACC8382709457,Account-504
TXN0853,2024-09-18 12:10:37,52.18,Debit Card,ACC1343151501,Account-691
TXN0854,2024-09-21 03:30:37,2940.92,Bank Transfer,ACC8829975243,Account-758
TXN0855,2024-09-16 10:23:37,4992.85,Net Banking,ACC1201650442,Account-878
TXN0856,2024-09-21 22:26:37,947.92,Net Banking,ACC4155538104,Account-325
TXN0857,2024-09-16 09:25:37,4237.87,Net Banking,ACC9823858196,Account-842
TXN0858,2024-09-18 10:56:37,4505.9,Credit Card,ACC4851813413,Account-307
TXN0859,2024-09-27 22:25:37,4877.41,UPI,ACC9162400597,Account-983
TXN0860,2024-09-23 23:02:37,3319.7,UPI,ACC1714738793,Account-995
TXN0861,2024-09-17 10:47:37,1335.0,Net Banking,ACC7683461454,Account-464
TXN0862,2024-09-18 23:55:37,1233.66,Credit Card,ACC4145374721,Account-682
TXN0863,2024-09-29 18:23:37,406.57,Net Banking,ACC6894432420,Account-304
TXN0864,2024-09-03 03:41:37,4339.24,Net Banking,ACC3372241857,Account-327
TXN0865,2024-09-04 12:21:37,2190.9,Debit Card,ACC7575992893,Account-327
TXN0866,2024-09-05 19:27:37,4552.17,Debit Card,ACC9201605611,Account-152
TXN0867,2024-09-29 03:16:37,1933.24,Net Banking,ACC5536342453,Account-137
TXN0868,2024-10-01 01:40:37,1565.88,UPI,ACC3020735612,Account-987
TXN0869,2024-09-12 20:13:37,2259.75,Debit Card,ACC9098074441,Account-937
TXN0870,2024-09-05 14:20:37,2061.33,Net Banking,ACC1320726598,Account-819
TXN0871,2024-09-29 23:29:37,4569.65,Bank Transfer,ACC9473275249,Account-853
TXN0872,2024-09-28 17:37:37,1995.82,Credit Card,ACC1018181469,Account-727
TXN0873,2024-09-14 13:25:37,4064.56,Net Banking,ACC8575349514,Account-716
TXN0874,2024-09-06 06:22:37,177.56,Credit Card,ACC2305313211,Account-460
TXN0875,2024-09-27 14:39:37,2450.75,Net Banking,ACC5387116468,Account-346
TXN0876,2024-09-28 21:24:37,3311.12,Net Banking,ACC2247375235,Account-296
TXN0877,2024-09-27 07:21:37,245.36,Net Banking,ACC4531262964,Account-837
TXN0878,2024-09-22 03:57:37,4226.9,Debit Card,ACC7531875602,Account-115
TXN0879,2024-09-05 21:23:37,1795.61,Credit Card,ACC1485693517,Account-374
TXN0880,2024-10-02 21:58:37,4970.67,Bank Transfer,ACC6154234899,Account-280
TXN0881,2024-09-12 08:11:37,1212.38,Credit Card,ACC8216401516,Account-124
TXN0882,2024-09-09 10:14:37,1193.68,Debit Card,ACC4464602548,Account-937
TXN0883,2024-09-28 06:28:37,1957.6,UPI,ACC2317690870,Account-498
TXN0884,2024-09-10 21:55:37,4225.68,Debit Card,ACC8639049457,Account-288
TXN0885,2024-09-06 21:02:37,4522.55,Credit Card,ACC1610323627,Account-607
TXN0886,2024-09-19 14:13:37,4577.68,Net Banking,ACC9777872365,Account-310
TXN0887,2024-09-12 00:11:37,574.11,UPI,ACC9452880852,Account-524
TXN0888,2024-09-26 20:13:37,3326.88,Credit Card,ACC5802146040,Account-693
TXN0889,2024-09-21 17:06:37,1938.96,Net Banking,ACC8258164923,Account-795
TXN0890,2024-09-14 16:50:37,2398.28,Debit Card,ACC5666705962,Account-983
TXN0891,2024-09-30 00:08:37,2644.74,Credit Card,ACC2518609569,Account-722
TXN0892,2024-09-04 16:25:37,1581.6,Net Banking,ACC5310156446,Account-784
TXN0893,2024-09-06 16:06:37,1411.52,Credit Card,ACC6497884115,Account-208
TXN0894,2024-09-10 20:28:37,2323.61,Credit Card,ACC1429681154,Account-669
TXN0895,2024-09-15 10:23:37,1782.61,Net Banking,ACC1850663442,Account-847
TXN0896,2024-09-14 16:19:37,345.32,Bank Transfer,ACC5463884608,Account-979
TXN0897,2024-09-07 10:15:37,2597.66,Credit Card,ACC8862241067,Account-723
TXN0898,2024-09-24 02:39:37,2285.35,Credit Card,ACC1984716770,Account-230
TXN0899,2024-09-12 15:19:37,2584.56,Credit Card,ACC7058834132,Account-496
TXN0900,2024-09-06 20:59:37,2673.72,UPI,ACC5037505092,Account-354
TXN0901,2024-09-25 02:55:37,4593.63,Bank Transfer,ACC7216529121,Account-165
TXN0902,2024-09-21 03:44:37,3317.33,Bank Transfer,ACC4716839692,Account-543
TXN0903,2024-09-27 08:43:37,644.73,Net Banking,ACC9685117520,Account-235
TXN0904,2024-09-25 23:00:37,3732.27,Net Banking,ACC9026874346,Account-334
TXN0905,2024-09-18 07:15:37,2875.48,Debit Card,ACC5731652843,Account-400
TXN0906,2024-09-04 02:15:37,335.77,Credit Card,ACC5921461117,Account-791
TXN0907,2024-09-15 19:31:37,3024.93,Net Banking,ACC5507108608,Account-146
TXN0908,2024-09-19 18:56:37,747.85,Net Banking,ACC7240187581,Account-156
TXN0909,2024-09-22 22:25:37,4630.57,Bank Transfer,ACC6241564011,Account-305
TXN0910,2024-09-10 01:34:37,3664.09,Credit Card,ACC9127896612,Account-697
TXN0911,2024-09-22 05:29:37,4428.47,UPI,ACC6843909975,Account-592
TXN0912,2024-09-04 12:53:37,3704.12,Bank Transfer,ACC2279694588,Account-158
TXN0913,2024-09-14 03:48:37,1855.4,Net Banking,ACC1638907035,Account-210
TXN0914,2024-09-23 10:04:37,1307.27,Debit Card,ACC1426611954,Account-353
TXN0915,2024-10-01 12:12:37,3797.19,Credit Card,ACC1959153557,Account-660
TXN0916,2024-10-02 15:43:37,1770.65,Net Banking,ACC4399782143,Account-159
TXN0917,2024-09-25 23:35:37,4714.84,UPI,ACC6739300789,Account-821
TXN0918,2024-09-30 20:55:37,187.19,UPI,ACC9298732457,Account-777
TXN0919,2024-09-17 08:45:37,3114.94,UPI,ACC7303746151,Account-817
TXN0920,2024-09-06 21:43:37,4267.94,Net Banking,ACC5080199321,Account-878
TXN0921,2024-09-19 07:05:37,1731.22,UPI,ACC5797325552,Account-699
TXN0922,2024-09-22 02:22:37,4091.18,Net Banking,ACC8449649887,Account-756
TXN0923,2024-09-21 00:05:37,4976.01,Debit Card,ACC9910740948,Account-913
TXN0924,2024-09-27 18:55:37,1893.93,Debit Card,ACC9360461558,Account-355
TXN0925,2024-10-01 03:52:37,3394.19,Bank Transfer,ACC9325144663,Account-371
TXN0926,2024-10-02 20:44:37,4668.5,UPI,ACC5501215381,Account-778
TXN0927,2024-09-23 07:11:37,3649.44,Bank Transfer,ACC3830367226,Account-640
TXN0928,2024-09-17 23:48:37,1744.05,Net Banking,ACC6272449024,Account-162
TXN0929,2024-09-17 14:53:37,2109.52,Bank Transfer,ACC6443948205,Account-789
TXN0930,2024-09-13 16:49:37,3937.11,Credit Card,ACC4499366373,Account-367
TXN0931,2024-09-25 01:27:37,3343.39,Credit Card,ACC2067240891,Account-569
TXN0932,2024-09-24 04:57:37,2312.14,Credit Card,ACC8074993585,Account-922
TXN0933,2024-09-26 05:32:37,4239.98,Credit Card,ACC7098042620,Account-242
TXN0934,2024-09-03 05:51:37,2710.9,Bank Transfer,ACC2073359095,Account-413
TXN0935,2024-09-17 06:17:37,645.78,Net Banking,ACC4450316959,Account-232
TXN0936,2024-09-26 15:01:37,96.42,Debit Card,ACC2765973938,Account-154
TXN0937,2024-09-02 22:48:37,3606.13,UPI,ACC3265067781,Account-666
TXN0938,2024-10-03 01:58:37,2931.57,Debit Card,ACC2911345060,Account-280
TXN0939,2024-09-09 22:05:37,1927.34,UPI,ACC9943869744,Account-668
TXN0940,2024-10-01 12:11:37,1641.38,Credit Card,ACC7808694057,Account-721
TXN0941,2024-09-17 17:24:37,344.37,Bank Transfer,ACC9239892544,Account-105
TXN0942,2024-09-07 19:25:37,4363.71,Credit Card,ACC6596938612,Account-895
TXN0943,2024-09-15 07:10:37,4417.06,Debit Card,ACC6027888773,Account-141
TXN0944,2024-09-06 00:12:37,3596.81,Bank Transfer,ACC4663696682,Account-266
TXN0945,2024-09-09 03:21:37,2347.76,UPI,ACC9706905632,Account-263
TXN0946,2024-09-26 14:34:37,3780.99,Bank Transfer,ACC5992728864,Account-651
TXN0947,2024-10-03 05:10:37,2327.78,Credit Card,ACC9349205891,Account-647
TXN0948,2024-09-08 19:06:37,419.2,UPI,ACC5429831002,Account-108
TXN0949,2024-09-29 05:20:37,1762.72,Net Banking,ACC9728181470,Account-846
TXN0950,2024-09-24 09:36:37,1971.64,UPI,ACC9077238118,Account-699
TXN0951,2024-09-04 23:57:37,165.39,UPI,ACC2545183672,Account-233
TXN0952,2024-09-27 20:53:37,4677.29,UPI,ACC7633851798,Account-460
TXN0953,2024-09-04 18:07:37,433.1,Bank Transfer,ACC2623262285,Account-662
TXN0954,2024-09-21 01:10:37,4245.37,Credit Card,ACC4467145828,Account-732
TXN0955,2024-09-19 09:26:37,4290.5,Debit Card,ACC2731707117,Account-798
TXN0956,2024-10-03 05:05:37,2825.89,Credit Card,ACC9887022463,Account-714
TXN0957,2024-09-16 15:38:37,2012.78,Bank Transfer,ACC2139018212,Account-860
TXN0958,2024-09-20 23:35:37,4149.4,Credit Card,ACC4756954197,Account-332
TXN0959,2024-09-16 15:30:37,3279.56,Debit Card,ACC4506024854,Account-161
TXN0960,2024-09-10 02:30:37,4800.29,Debit Card,ACC9892852774,Account-807
TXN0961,2024-09-11 12:43:37,2906.62,Credit Card,ACC8062677682,Account-540
TXN0962,2024-10-01 10:08:37,1598.92,UPI,ACC6633045161,Account-987
TXN0963,2024-10-01 12:13:37,539.16,Debit Card,ACC9642574221,Account-402
TXN0964,2024-09-20 20:45:37,2623.81,Credit Card,ACC6080786421,Account-162
TXN0965,2024-09-18 03:58:37,66.18,UPI,ACC8439267281,Account-402
TXN0966,2024-09-06 10:47:37,4717.22,Credit Card,ACC1206124835,Account-514
TXN0967,2024-09-16 23:35:37,2056.4,Net Banking,ACC8747081803,Account-796
TXN0968,2024-09-20 10:37:37,447.19,UPI,ACC6946080010,Account-554
TXN0969,2024-09-20 06:34:37,1496.99,Net Banking,ACC8120521698,Account-642
TXN0970,2024-09-16 22:21:37,3836.82,Debit Card,ACC3991522882,Account-234
TXN0971,2024-09-04 16:12:37,2256.74,Net Banking,ACC7529293076,Account-171
TXN0972,2024-09-10 17:22:37,4353.67,Credit Card,ACC4908712020,Account-924
TXN0973,2024-09-26 18:22:37,1111.54,Bank Transfer,ACC3468671595,Account-312
TXN0974,2024-09-30 20:11:37,2945.3,Net Banking,ACC5560774037,Account-714
TXN0975,2024-09-07 01:26:37,2539.01,Credit Card,ACC4236242782,Account-689
TXN0976,2024-09-22 23:45:37,4763.93,UPI,ACC7622402895,Account-381
TXN0977,2024-09-06 10:37:37,4275.54,Net Banking,ACC1866324229,Account-123
TXN0978,2024-09-30 06:32:37,1083.91,Debit Card,ACC2114148905,Account-296
TXN0979,2024-09-24 05:44:37,3485.75,Net Banking,ACC9743083702,Account-487
TXN0980,2024-09-22 10:49:37,895.75,Net Banking,ACC8868963915,Account-251
TXN0981,2024-09-27 21:51:37,903.33,Bank Transfer,ACC9503599423,Account-637
TXN0982,2024-09-24 19:53:37,1107.67,Net Banking,ACC7559175394,Account-613
TXN0983,2024-09-24 22:28:37,811.43,Net Banking,ACC4661405655,Account-405
TXN0984,2024-09-09 06:12:37,2742.44,Debit Card,ACC5160191439,Account-838
TXN0985,2024-09-20 09:59:37,2571.41,UPI,ACC2231502023,Account-374
TXN0986,2024-10-01 20:14:37,4579.56,UPI,ACC6778840494,Account-639
TXN0987,2024-09-09 19:43:37,2307.98,Net Banking,ACC8481750208,Account-672
TXN0988,2024-09-19 00:35:37,1490.06,Net Banking,ACC2285403636,Account-989
TXN0989,2024-09-29 04:28:37,2180.34,Bank Transfer,ACC1475202360,Account-221
TXN0990,2024-09-12 10:06:37,1672.96,Net Banking,ACC3642339693,Account-266
TXN0991,2024-09-29 22:14:37,2469.79,Credit Card,ACC5499603841,Account-727
TXN0992,2024-09-21 01:41:37,2718.08,Credit Card,ACC4945811484,Account-681
TXN0993,2024-09-26 05:18:37,4914.14,Credit Card,ACC4539521462,Account-921
TXN0994,2024-09-06 06:57:37,1595.31,Credit Card,ACC9786253549,Account-304
TXN0995,2024-09-14 23:15:37,4867.38,Credit Card,ACC2328762107,Account-590
TXN0996,2024-09-15 19:08:37,4282.61,Net Banking,ACC6865425854,Account-351
TXN0997,2024-09-06 12:14:37,4270.03,Debit Card,ACC8599516752,Account-962
TXN0998,2024-10-03 02:10:37,1116.59,UPI,ACC3446611539,Account-890
TXN0999,2024-09-20 08:28:37,1977.46,Net Banking,ACC6192919078,Account-941
TXN1000,2024-09-06 20:09:37,2949.22,Net Banking,ACC4547038345,Account-163
